هذا كود قاعدة البيانات:

-- phpMyAdmin SQL Dump
-- version 5.2.1
-- https://www.phpmyadmin.net/
--
-- Host: localhost
-- Generation Time: 05 ظ…ط§ظٹظˆ 2025 ط§ظ„ط³ط§ط¹ط© 03:18
-- ط¥طµط¯ط§ط± ط§ظ„ط®ط§ط¯ظ…: 5.7.34
-- PHP Version: 8.2.6

SET SQL_MODE = "NO_AUTO_VALUE_ON_ZERO";
START TRANSACTION;
SET time_zone = "+00:00";


/*!40101 SET @OLD_CHARACTER_SET_CLIENT=@@CHARACTER_SET_CLIENT */;
/*!40101 SET @OLD_CHARACTER_SET_RESULTS=@@CHARACTER_SET_RESULTS */;
/*!40101 SET @OLD_COLLATION_CONNECTION=@@COLLATION_CONNECTION */;
/*!40101 SET NAMES utf8mb4 */;

--
-- Database: `CodeKids_db`
--

-- --------------------------------------------------------

--
-- ط¨ظ†ظٹط© ط§ظ„ط¬ط¯ظˆظ„ `achievements`
--

CREATE TABLE `achievements` (
  `id` int(11) NOT NULL,
  `user_id` int(11) DEFAULT NULL,
  `name` varchar(255) DEFAULT NULL,
  `date_earned` datetime DEFAULT NULL
) ENGINE=MyISAM DEFAULT CHARSET=utf8;

-- --------------------------------------------------------

--
-- ط¨ظ†ظٹط© ط§ظ„ط¬ط¯ظˆظ„ `admin`
--

CREATE TABLE `admin` (
  `admin_id` int(11) NOT NULL,
  `admin_name` varchar(255) COLLATE utf8_bin NOT NULL,
  `admin_email` varchar(255) COLLATE utf8_bin NOT NULL,
  `admin_pass` varchar(255) COLLATE utf8_bin NOT NULL
) ENGINE=InnoDB DEFAULT CHARSET=utf8 COLLATE=utf8_bin;

--
-- ط¥ط±ط¬ط§ط¹ ط£ظˆ ط§ط³طھظٹط±ط§ط¯ ط¨ظٹط§ظ†ط§طھ ط§ظ„ط¬ط¯ظˆظ„ `admin`
--

INSERT INTO `admin` (`admin_id`, `admin_name`, `admin_email`, `admin_pass`) VALUES
(1, 'example singh', 'example@gmail.com', 'asdf;lkjh'),
(2, 'Ashraf', 'ashraf@gmail.com', '$2y$10$PcrcaLV415f0LJrfvulfiuzoS0Dhw7TGfXRRdFrkOT8qK2uO.DTDS'),
(3, 'Ashraf', 'ashrafa@gmail.com', '$2y$10$1yc6JC6.H8Ev7FteNMzJKe3mo0ioGy1DoMd.x0MfBwat2yul7eIkG'),
(4, 'Ashraf', 'ashrafali@gmail.com', '$2y$10$nsez3dPEfRnGefr/OXg5rucJaQLV4Vr8JhYC//XJcr2re9GmFspci'),
(5, 'Ashraf', 'as@gmail.com', '$2y$10$Q13hlIkL9L8JIBsSm7MeQ.WPAM9peSc5i0In0gnpl/s6yfaldOq6S'),
(6, 'Ashraf', 'a@gmail.com', '$2y$10$nAZhs06k1Db6/PsR3ORpvOgBWFH6anHwOBxP7.uskDW9/3lGuS0eK'),
(7, 'admin', 'admin1@gmail.com', '$2y$10$DcB.vYLBr9tin/N38XvNh.QxNBukhr.toydWWVrfCUGikfQeeqPDS'),
(8, 'Ashraf', 'a1@gmail.com', '$2y$10$Jnw.rLcmCya3FK1vVSikkO/HACzrRtJkxZMTNNWzbB3i1tOro.jh6'),
(9, 'admin', 'admin@gmail.com', '$2y$10$EuWI.EXuL5SelyktDjsEU.45vYCW0tEUo3jU9tqVGX6x88vK/UeIO');

-- --------------------------------------------------------

--
-- ط¨ظ†ظٹط© ط§ظ„ط¬ط¯ظˆظ„ `admin_users`
--

CREATE TABLE `admin_users` (
  `admin_id` int(11) NOT NULL,
  `username` varchar(50) NOT NULL,
  `password_hash` varchar(255) NOT NULL,
  `full_name` varchar(100) NOT NULL,
  `email` varchar(100) NOT NULL,
  `is_active` tinyint(1) DEFAULT '1',
  `created_at` timestamp NOT NULL DEFAULT CURRENT_TIMESTAMP,
  `last_login` timestamp NULL DEFAULT NULL
) ENGINE=MyISAM DEFAULT CHARSET=utf8;

-- --------------------------------------------------------

--
-- ط¨ظ†ظٹط© ط§ظ„ط¬ط¯ظˆظ„ `child_profiles`
--

CREATE TABLE `child_profiles` (
  `id` int(11) NOT NULL,
  `parent_id` int(11) DEFAULT NULL,
  `username` varchar(50) DEFAULT NULL,
  `avatar` varchar(255) DEFAULT NULL,
  `xp` int(11) DEFAULT '0',
  `level` int(11) DEFAULT '1',
  `created_at` timestamp NOT NULL DEFAULT CURRENT_TIMESTAMP
) ENGINE=MyISAM DEFAULT CHARSET=utf8;

-- --------------------------------------------------------

--
-- ط¨ظ†ظٹط© ط§ظ„ط¬ط¯ظˆظ„ `coding_games`
--

CREATE TABLE `coding_games` (
  `id` int(11) NOT NULL,
  `title` varchar(255) DEFAULT NULL,
  `difficulty` int(11) DEFAULT NULL,
  `required_skills` varchar(255) DEFAULT NULL
) ENGINE=MyISAM DEFAULT CHARSET=utf8;

-- --------------------------------------------------------

--
-- ط¨ظ†ظٹط© ط§ظ„ط¬ط¯ظˆظ„ `course`
--

CREATE TABLE `course` (
  `course_id` int(11) NOT NULL,
  `course_name` text COLLATE utf8_bin NOT NULL,
  `course_desc` text COLLATE utf8_bin NOT NULL,
  `course_author` varchar(255) COLLATE utf8_bin NOT NULL,
  `course_img` text COLLATE utf8_bin NOT NULL,
  `course_duration` text COLLATE utf8_bin NOT NULL,
  `course_price` int(11) NOT NULL,
  `course_original_price` int(11) NOT NULL
) ENGINE=InnoDB DEFAULT CHARSET=utf8 COLLATE=utf8_bin;

--
-- ط¥ط±ط¬ط§ط¹ ط£ظˆ ط§ط³طھظٹط±ط§ط¯ ط¨ظٹط§ظ†ط§طھ ط§ظ„ط¬ط¯ظˆظ„ `course`
--

INSERT INTO `course` (`course_id`, `course_name`, `course_desc`, `course_author`, `course_img`, `course_duration`, `course_price`, `course_original_price`) VALUES
(1, 'Machine Learning', '            This provides an introduction to the principles and practice of machine learning, covering topics such as supervised and unsupervised learning, deep learning, and model evaluation.                                        ', 'Aml', '../images/courseImg/', '15+ hour', 999, 1999),
(3, 'Front End Development', '            This course covers overall concept of HTML, CSS and JavaScript . It also contains 2 minor projects for better understanding.                                                                                                            ', 'Ishwar Singh Bhandari', '../images/courseImg/Front End Development.svg', '10+ hour', 799, 1499),
(4, 'Graphics Designing', 'It uses typography, imagery, and layout to visually communicate\r\n              ideas and information.', 'Aryan', '../images/courseImg/Graphic Designing.svg', '10+ hour', 699, 1499),
(5, 'Responsive UI Design', 'Responsive web design adapts layout to fit any device screen size for optimal user experience.                                                  ', 'Ishwar Singh Bhandari', '../images/courseImg/Responsive UI Design.svg', '8+hour', 499, 999),
(6, 'Full Stack Web Development', '                                    It involves designing, coding and maintaining both front-end and\r\n              back-end of website.                              ', 'Narendra Jethi', '../images/courseImg/Web Development.svg', '50+hours', 799, 1999),
(7, 'HTML,CSS Full Course', 'It involves skeleton, coding and maintaining both skeleton and\r\n              styling of website.', 'Ishwar Singh Bhandari', '../images/courseImg/HTML CSS.svg', '8+hour', 499, 999),
(9, 'Database Development Course', 'Study of database design, management, and data storage. In this\r\n              you will get familiar with MySQL database.', 'Narendra Jethi', '../images/courseImg/Database Development.svg', '14+hour', 699, 1499),
(10, 'Javascript Framework', 'It includes all JS Frameworks. It cover topic from basics to\r\n              intermediate level to give you the best learning experience.', 'Aditi', '../images/courseImg/Javascript Framework.svg', '25+hour', 999, 1999),
(11, 'Data Science', 'Full Begineer to intermediate leve course. You will get familiar\r\n              with various technology concept related to Data science helps you\r\n              to Crack your dream job.It requires no Pre-requisite to enroll in\r\n              this course.', 'Aman Adhikari', '../images/courseImg/Data Science.svg', '20+hour', 799, 1599),
(12, 'طھط¹ظ„ظ… ط§ظ„ط¨ط±ظ…ط¬ط© ظ…ظ† ط§ظ„طµظپط±', '            طھط¹ظ„ظ… ط§ظ„ط¨ط±ظ…ط¬ط© ظ„ظ„ط§ط·ظپط§ظ„          ', 'ط§ظ„ط§ط¯ظ…ظ†', '../images/courseImg/G.mp4', '15+ hour', 999, 1999);

-- --------------------------------------------------------

--
-- ط¨ظ†ظٹط© ط§ظ„ط¬ط¯ظˆظ„ `courseorder`
--

CREATE TABLE `courseorder` (
  `co_id` int(11) NOT NULL,
  `order_id` varchar(255) COLLATE utf8_bin NOT NULL,
  `stu_email` varchar(255) COLLATE utf8_bin NOT NULL,
  `course_id` int(11) NOT NULL,
  `status` varchar(255) COLLATE utf8_bin NOT NULL,
  `respmsg` text COLLATE utf8_bin NOT NULL,
  `amount` int(11) NOT NULL,
  `order_date` date NOT NULL
) ENGINE=InnoDB DEFAULT CHARSET=utf8 COLLATE=utf8_bin;

--
-- ط¥ط±ط¬ط§ط¹ ط£ظˆ ط§ط³طھظٹط±ط§ط¯ ط¨ظٹط§ظ†ط§طھ ط§ظ„ط¬ط¯ظˆظ„ `courseorder`
--

INSERT INTO `courseorder` (`co_id`, `order_id`, `stu_email`, `course_id`, `status`, `respmsg`, `amount`, `order_date`) VALUES
(14, 'ORDS20903819', 'asdf@gmail.com', 1, 'Success', 'Done', 999, '2025-02-25'),
(15, 'ORDS4906049', 'a1@gmail.com', 6, 'Success', 'Done', 799, '2006-04-25'),
(16, 'ORDS28977117', 'a1@gmail.com', 7, 'Success', 'Done', 499, '2006-04-25'),
(17, 'ORDS4486642', 'aq1@gmail.com', 1, 'Success', 'Done', 999, '2022-04-25'),
(18, 'ORDS71807226', 'aq1@gmail.com', 7, 'Success', 'Done', 499, '2022-04-25'),
(19, 'ORDS98013116', 'aq1@gmail.com', 7, 'Success', 'Done', 499, '2022-04-25'),
(20, 'ORDS9462099', 'aq1@gmail.com', 12, 'Success', 'Done', 999, '2022-04-25'),
(21, 'ORDS93307589', 'aq1@gmail.com', 7, 'Success', 'Done', 499, '2022-04-25'),
(22, 'ORDS8863392', 'aas@gmail.com', 1, 'Success', 'Done', 999, '2005-05-25'),
(23, 'ORDS57094862', 'aas@gmail.com', 12, 'Success', 'Done', 999, '2005-05-25'),
(24, 'ORDS51273379', 'aas@gmail.com', 7, 'Success', 'Done', 499, '2005-05-25');

-- --------------------------------------------------------

--
-- ط¨ظ†ظٹط© ط§ظ„ط¬ط¯ظˆظ„ `feedback`
--

CREATE TABLE `feedback` (
  `f_id` int(11) NOT NULL,
  `f_content` text COLLATE utf8_bin NOT NULL,
  `stu_id` int(11) NOT NULL
) ENGINE=InnoDB DEFAULT CHARSET=utf8 COLLATE=utf8_bin;

-- --------------------------------------------------------

--
-- ط¨ظ†ظٹط© ط§ظ„ط¬ط¯ظˆظ„ `game_saves`
--

CREATE TABLE `game_saves` (
  `id` int(11) NOT NULL,
  `child_id` int(11) DEFAULT NULL,
  `game_id` int(11) DEFAULT NULL,
  `progress_data` text,
  `last_played` timestamp NOT NULL DEFAULT CURRENT_TIMESTAMP ON UPDATE CURRENT_TIMESTAMP
) ENGINE=MyISAM DEFAULT CHARSET=utf8;

-- --------------------------------------------------------

--
-- ط¨ظ†ظٹط© ط§ظ„ط¬ط¯ظˆظ„ `learning_progress`
--

CREATE TABLE `learning_progress` (
  `id` int(11) NOT NULL,
  `child_id` int(11) DEFAULT NULL,
  `skill` varchar(50) DEFAULT NULL,
  `level` int(11) DEFAULT NULL,
  `last_practiced` date DEFAULT NULL
) ENGINE=MyISAM DEFAULT CHARSET=utf8;

-- --------------------------------------------------------

--
-- ط¨ظ†ظٹط© ط§ظ„ط¬ط¯ظˆظ„ `lesson`
--

CREATE TABLE `lesson` (
  `lesson_id` int(11) NOT NULL,
  `lesson_name` text COLLATE utf8_bin NOT NULL,
  `lesson_desc` text COLLATE utf8_bin NOT NULL,
  `lesson_content` longtext COLLATE utf8_bin,
  `lesson_link` text COLLATE utf8_bin NOT NULL,
  `lesson_thumbnail` varchar(255) COLLATE utf8_bin DEFAULT NULL,
  `attachments` text COLLATE utf8_bin,
  `course_id` int(11) NOT NULL,
  `course_name` text COLLATE utf8_bin NOT NULL,
  `lesson_duration` int(11) DEFAULT '0',
  `lesson_order` int(11) DEFAULT '0'
) ENGINE=InnoDB DEFAULT CHARSET=utf8 COLLATE=utf8_bin;

--
-- ط¥ط±ط¬ط§ط¹ ط£ظˆ ط§ط³طھظٹط±ط§ط¯ ط¨ظٹط§ظ†ط§طھ ط§ظ„ط¬ط¯ظˆظ„ `lesson`
--

INSERT INTO `lesson` (`lesson_id`, `lesson_name`, `lesson_desc`, `lesson_content`, `lesson_link`, `lesson_thumbnail`, `attachments`, `course_id`, `course_name`, `lesson_duration`, `lesson_order`) VALUES
(2, 'Introduction to Web Development', '        ظƒظˆط±ط³ ظƒط§ظ…ظ„ ظ„طھط¹ظ„ظ… ط§ظ„ط¨ط±ظ…ط¬ط© ظ…ظ† ط§ظ„طµظپط±', NULL, '../lessonVId/IntroductiontoSupervisedLearning.mp4', NULL, NULL, 3, 'Front End Development', 0, 0),
(3, 'ط§ظ„ط¯ط±ط³ ط§ظ„ط«ط§ظ†ظٹ ', '        طھط¹ظ„ظ… ظ„ط؛ط© html', NULL, '../lessonVId/SimpleLinearRegressionforMachineLearning.mp4', NULL, NULL, 3, 'Front End Development', 0, 0),
(4, 'ط§ظ„ط¯ط±ط³ ط§ظ„ط«ط§ظ†ظٹ ', '                                                  طھط¹ظ„ظ… ظ„ط؛ط© html                        \r\n', NULL, '../lessonVId/introductiontowebdevelopment.mp4', NULL, NULL, 3, 'Front End Development', 0, 0),
(5, 'ط§ظ„ط¯ط±ط³ ط§ظ„ط±ط§ط¨ط¹', '                                                        طھط§طھظ†                                        ', NULL, '../lessonVId/G.mp4', NULL, NULL, 3, 'Front End Development', 0, 0),
(6, 'ط§ظ„ط¯ط±ط³ ط§ظ„ط±ط§ط¨ط¹ ظ، طھط§ط¨ط¹', 'ط§ظ„ط¯ط±ط³ ط§ظ„ط±ط§ط¨ط¹ ظ،', NULL, '', NULL, NULL, 3, 'Front End Development', 0, 0),
(7, 'ط§ظ„ط¯ط±ط³ ط§ظ„ط£ظˆظ„ ', 'طھط¹ظ„ظ… ط§ظ„ظˆظٹط¨ ط¨ط´ظƒظ„ ظƒط§ظ…ظ„', NULL, '../lessonVId/6806b2cdbcd473.92254373.mp4', NULL, NULL, 7, 'HTML,CSS Full Course', 0, 0),
(8, 'ط§ظ„ط¯ط±ط³ ط§ظ„ط«ط§ظ†ظٹ ', 'طھط§ط¨ط¹ ط§ظ„طھط¹ظ„ظ…', NULL, '../lessonVId/6806b2f0097666.11121903.mp4', NULL, NULL, 7, 'HTML,CSS Full Course', 0, 0),
(9, 'ط§ظ„ط¯ط±ط³ ط§ظ„ط±ط§ط¨ط¹', 'طھط§ط¨ط¹ ط§ظ„طھط¹ظ„ظ…', NULL, '../lessonVId/6806b494af48b5.46621985.mp4', NULL, NULL, 7, 'HTML,CSS Full Course', 0, 0),
(10, 'Introduction to Web Development', 'Brief ', '&lt;h2&gt;Lesson Content&lt;/h2&gt;&lt;p&gt;Add your detailed lesson content here...&lt;/p&gt;', '../lessonVideos/6806bcf0aa8572.51778313.mp4', '../lessonThumbs/6806bcf0ad3ce8.62189992.jpg', NULL, 7, 'HTML,CSS Full Course', 60, 3),
(11, 'Introduction to Web Development 1', 'Briefly ', '&lt;h2&gt;Lesson Content&lt;/h2&gt;\r\n&lt;h1&gt;Add your detailed lesson content here..&lt;/h1&gt;', '../lessonVideos/6806bd361217d4.35695153.mp4', '../lessonThumbs/6806bd3614d1a7.94818039.png', NULL, 7, 'HTML,CSS Full Course', 60, 4);
INSERT INTO `lesson` (`lesson_id`, `lesson_name`, `lesson_desc`, `lesson_content`, `lesson_link`, `lesson_thumbnail`, `attachments`, `course_id`, `course_name`, `lesson_duration`, `lesson_order`) VALUES
(12, 'ط§ظ„ط¯ط±ط³ ط§ظ„ط®ط§ظ…ط³', 'ط§ظ„ط¯ط±ط³ ط§ظ„ط®ط§ظ…ط³ ', '&lt;p&gt;&amp;lt;?php&lt;/p&gt;\r\n&lt;p&gt;if(!isset($_SESSION)){&lt;/p&gt;\r\n&lt;p&gt;&amp;nbsp; &amp;nbsp; session_start();&lt;/p&gt;\r\n&lt;p&gt;}&lt;/p&gt;\r\n&lt;p&gt;include(&#039;../dbConnection.php&#039;);&lt;/p&gt;\r\n&lt;p&gt;&amp;nbsp;&lt;/p&gt;\r\n&lt;p&gt;// Check authentication&lt;/p&gt;\r\n&lt;p&gt;if(!isset($_SESSION[&#039;is_login&#039;])){&lt;/p&gt;\r\n&lt;p&gt;&amp;nbsp; &amp;nbsp; echo &quot;&amp;lt;script&amp;gt; location.href=&#039;../index.php&#039; &amp;lt;/script&amp;gt;&quot;;&lt;/p&gt;\r\n&lt;p&gt;&amp;nbsp; &amp;nbsp; exit();&lt;/p&gt;\r\n&lt;p&gt;}&lt;/p&gt;\r\n&lt;p&gt;&amp;nbsp;&lt;/p&gt;\r\n&lt;p&gt;// Get current lesson details&lt;/p&gt;\r\n&lt;p&gt;$current_lesson = [];&lt;/p&gt;\r\n&lt;p&gt;if(isset($_GET[&#039;lesson_id&#039;])){&lt;/p&gt;\r\n&lt;p&gt;&amp;nbsp; &amp;nbsp; $lesson_id = $_GET[&#039;lesson_id&#039;];&lt;/p&gt;\r\n&lt;p&gt;&amp;nbsp; &amp;nbsp; $sql = &quot;SELECT * FROM lesson WHERE lesson_id = &#039;$lesson_id&#039;&quot;;&lt;/p&gt;\r\n&lt;p&gt;&amp;nbsp; &amp;nbsp; $result = $conn-&amp;gt;query($sql);&lt;/p&gt;\r\n&lt;p&gt;&amp;nbsp; &amp;nbsp; if($result-&amp;gt;num_rows == 1){&lt;/p&gt;\r\n&lt;p&gt;&amp;nbsp; &amp;nbsp; &amp;nbsp; &amp;nbsp; $current_lesson = $result-&amp;gt;fetch_assoc();&lt;/p&gt;\r\n&lt;p&gt;&amp;nbsp; &amp;nbsp; &amp;nbsp; &amp;nbsp;&amp;nbsp;&lt;/p&gt;\r\n&lt;p&gt;&amp;nbsp; &amp;nbsp; &amp;nbsp; &amp;nbsp; // Convert attachments JSON to array&lt;/p&gt;\r\n&lt;p&gt;&amp;nbsp; &amp;nbsp; &amp;nbsp; &amp;nbsp; if(!empty($current_lesson[&#039;attachments&#039;])){&lt;/p&gt;\r\n&lt;p&gt;&amp;nbsp; &amp;nbsp; &amp;nbsp; &amp;nbsp; &amp;nbsp; &amp;nbsp; $current_lesson[&#039;attachments&#039;] = json_decode($current_lesson[&#039;attachments&#039;], true);&lt;/p&gt;\r\n&lt;p&gt;&amp;nbsp; &amp;nbsp; &amp;nbsp; &amp;nbsp; }&lt;/p&gt;\r\n&lt;p&gt;&amp;nbsp; &amp;nbsp; }&lt;/p&gt;\r\n&lt;p&gt;}&lt;/p&gt;\r\n&lt;p&gt;&amp;nbsp;&lt;/p&gt;\r\n&lt;p&gt;// Get course details&lt;/p&gt;\r\n&lt;p&gt;$course_id = isset($_GET[&#039;course_id&#039;]) ? $_GET[&#039;course_id&#039;] : (isset($current_lesson[&#039;course_id&#039;]) ? $current_lesson[&#039;course_id&#039;] : null);&lt;/p&gt;\r\n&lt;p&gt;$course = [];&lt;/p&gt;\r\n&lt;p&gt;if($course_id){&lt;/p&gt;\r\n&lt;p&gt;&amp;nbsp; &amp;nbsp; $sql = &quot;SELECT * FROM course WHERE course_id = &#039;$course_id&#039;&quot;;&lt;/p&gt;\r\n&lt;p&gt;&amp;nbsp; &amp;nbsp; $result = $conn-&amp;gt;query($sql);&lt;/p&gt;\r\n&lt;p&gt;&amp;nbsp; &amp;nbsp; if($result-&amp;gt;num_rows == 1){&lt;/p&gt;\r\n&lt;p&gt;&amp;nbsp; &amp;nbsp; &amp;nbsp; &amp;nbsp; $course = $result-&amp;gt;fetch_assoc();&lt;/p&gt;\r\n&lt;p&gt;&amp;nbsp; &amp;nbsp; }&lt;/p&gt;\r\n&lt;p&gt;}&lt;/p&gt;\r\n&lt;p&gt;&amp;nbsp;&lt;/p&gt;\r\n&lt;p&gt;// Get all lessons for this course&lt;/p&gt;\r\n&lt;p&gt;$lessons = [];&lt;/p&gt;\r\n&lt;p&gt;if($course_id){&lt;/p&gt;\r\n&lt;p&gt;&amp;nbsp; &amp;nbsp; $sql = &quot;SELECT * FROM lesson WHERE course_id = &#039;$course_id&#039; ORDER BY lesson_order ASC&quot;;&lt;/p&gt;\r\n&lt;p&gt;&amp;nbsp; &amp;nbsp; $result = $conn-&amp;gt;query($sql);&lt;/p&gt;\r\n&lt;p&gt;&amp;nbsp; &amp;nbsp; if($result-&amp;gt;num_rows &amp;gt; 0){&lt;/p&gt;\r\n&lt;p&gt;&amp;nbsp; &amp;nbsp; &amp;nbsp; &amp;nbsp; while($row = $result-&amp;gt;fetch_assoc()){&lt;/p&gt;\r\n&lt;p&gt;&amp;nbsp; &amp;nbsp; &amp;nbsp; &amp;nbsp; &amp;nbsp; &amp;nbsp; $lessons[] = $row;&lt;/p&gt;\r\n&lt;p&gt;&amp;nbsp; &amp;nbsp; &amp;nbsp; &amp;nbsp; }&lt;/p&gt;\r\n&lt;p&gt;&amp;nbsp; &amp;nbsp; }&lt;/p&gt;\r\n&lt;p&gt;}&lt;/p&gt;\r\n&lt;p&gt;&amp;nbsp;&lt;/p&gt;\r\n&lt;p&gt;// Find current lesson index for navigation&lt;/p&gt;\r\n&lt;p&gt;$current_lesson_index = null;&lt;/p&gt;\r\n&lt;p&gt;if(!empty($current_lesson) &amp;amp;&amp;amp; !empty($lessons)){&lt;/p&gt;\r\n&lt;p&gt;&amp;nbsp; &amp;nbsp; foreach($lessons as $index =&amp;gt; $lesson){&lt;/p&gt;\r\n&lt;p&gt;&amp;nbsp; &amp;nbsp; &amp;nbsp; &amp;nbsp; if($lesson[&#039;lesson_id&#039;] == $current_lesson[&#039;lesson_id&#039;]){&lt;/p&gt;\r\n&lt;p&gt;&amp;nbsp; &amp;nbsp; &amp;nbsp; &amp;nbsp; &amp;nbsp; &amp;nbsp; $current_lesson_index = $index;&lt;/p&gt;\r\n&lt;p&gt;&amp;nbsp; &amp;nbsp; &amp;nbsp; &amp;nbsp; &amp;nbsp; &amp;nbsp; break;&lt;/p&gt;\r\n&lt;p&gt;&amp;nbsp; &amp;nbsp; &amp;nbsp; &amp;nbsp; }&lt;/p&gt;\r\n&lt;p&gt;&amp;nbsp; &amp;nbsp; }&lt;/p&gt;\r\n&lt;p&gt;}&lt;/p&gt;\r\n&lt;p&gt;?&amp;gt;&lt;/p&gt;\r\n&lt;p&gt;&amp;lt;!DOCTYPE html&amp;gt;&lt;/p&gt;\r\n&lt;p&gt;&amp;lt;html lang=&quot;en&quot;&amp;gt;&lt;/p&gt;\r\n&lt;p&gt;&amp;lt;head&amp;gt;&lt;/p&gt;\r\n&lt;p&gt;&amp;nbsp; &amp;nbsp; &amp;lt;meta charset=&quot;UTF-8&quot;&amp;gt;&lt;/p&gt;\r\n&lt;p&gt;&amp;nbsp; &amp;nbsp; &amp;lt;meta name=&quot;viewport&quot; content=&quot;width=device-width, initial-scale=1.0&quot;&amp;gt;&lt;/p&gt;\r\n&lt;p&gt;&amp;nbsp; &amp;nbsp; &amp;lt;title&amp;gt;&amp;lt;?php echo isset($current_lesson[&#039;lesson_name&#039;]) ? htmlspecialchars($current_lesson[&#039;lesson_name&#039;]) : &#039;Lesson&#039;; ?&amp;gt; | CodeKids&amp;lt;/title&amp;gt;&lt;/p&gt;\r\n&lt;p&gt;&amp;nbsp; &amp;nbsp;&amp;nbsp;&lt;/p&gt;\r\n&lt;p&gt;&amp;nbsp; &amp;nbsp; &amp;lt;!-- Favicon --&amp;gt;&lt;/p&gt;\r\n&lt;p&gt;&amp;nbsp; &amp;nbsp; &amp;lt;link rel=&quot;shortcut icon&quot; type=&quot;image/png&quot; href=&quot;../images/logo.png&quot;&amp;gt;&lt;/p&gt;\r\n&lt;p&gt;&amp;nbsp; &amp;nbsp;&amp;nbsp;&lt;/p&gt;\r\n&lt;p&gt;&amp;nbsp; &amp;nbsp; &amp;lt;!-- Font Awesome --&amp;gt;&lt;/p&gt;\r\n&lt;p&gt;&amp;nbsp; &amp;nbsp; &amp;lt;link rel=&quot;stylesheet&quot; href=&quot;https://cdnjs.cloudflare.com/ajax/libs/font-awesome/6.4.0/css/all.min.css&quot;&amp;gt;&lt;/p&gt;\r\n&lt;p&gt;&amp;nbsp; &amp;nbsp;&amp;nbsp;&lt;/p&gt;\r\n&lt;p&gt;&amp;nbsp; &amp;nbsp; &amp;lt;!-- Google Fonts --&amp;gt;&lt;/p&gt;\r\n&lt;p&gt;&amp;nbsp; &amp;nbsp; &amp;lt;link href=&quot;https://fonts.googleapis.com/css2?family=Poppins:wght@300;400;500;600;700&amp;amp;family=Fredoka+One&amp;amp;display=swap&quot; rel=&quot;stylesheet&quot;&amp;gt;&lt;/p&gt;\r\n&lt;p&gt;&amp;nbsp; &amp;nbsp;&amp;nbsp;&lt;/p&gt;\r\n&lt;p&gt;&amp;nbsp; &amp;nbsp; &amp;lt;!-- Video.js for better video player --&amp;gt;&lt;/p&gt;\r\n&lt;p&gt;&amp;nbsp; &amp;nbsp; &amp;lt;link href=&quot;https://vjs.zencdn.net/8.6.1/video-js.css&quot; rel=&quot;stylesheet&quot;&amp;gt;&lt;/p&gt;\r\n&lt;p&gt;&amp;nbsp; &amp;nbsp;&amp;nbsp;&lt;/p&gt;\r\n&lt;p&gt;&amp;nbsp; &amp;nbsp; &amp;lt;!-- Highlight.js for code syntax highlighting --&amp;gt;&lt;/p&gt;\r\n&lt;p&gt;&amp;nbsp; &amp;nbsp; &amp;lt;link rel=&quot;stylesheet&quot; href=&quot;https://cdnjs.cloudflare.com/ajax/libs/highlight.js/11.7.0/styles/atom-one-dark.min.css&quot;&amp;gt;&lt;/p&gt;\r\n&lt;p&gt;&amp;nbsp; &amp;nbsp;&amp;nbsp;&lt;/p&gt;\r\n&lt;p&gt;&amp;nbsp; &amp;nbsp; &amp;lt;style&amp;gt;&lt;/p&gt;\r\n&lt;p&gt;&amp;nbsp; &amp;nbsp; &amp;nbsp; &amp;nbsp; :root {&lt;/p&gt;\r\n&lt;p&gt;&amp;nbsp; &amp;nbsp; &amp;nbsp; &amp;nbsp; &amp;nbsp; &amp;nbsp; --color-primary: #6C63FF;&lt;/p&gt;\r\n&lt;p&gt;&amp;nbsp; &amp;nbsp; &amp;nbsp; &amp;nbsp; &amp;nbsp; &amp;nbsp; --color-primary-light: #8E85FF;&lt;/p&gt;\r\n&lt;p&gt;&amp;nbsp; &amp;nbsp; &amp;nbsp; &amp;nbsp; &amp;nbsp; &amp;nbsp; --color-secondary: #FF6584;&lt;/p&gt;\r\n&lt;p&gt;&amp;nbsp; &amp;nbsp; &amp;nbsp; &amp;nbsp; &amp;nbsp; &amp;nbsp; --color-accent: #FFC107;&lt;/p&gt;\r\n&lt;p&gt;&amp;nbsp; &amp;nbsp; &amp;nbsp; &amp;nbsp; &amp;nbsp; &amp;nbsp; --color-dark: #2D3748;&lt;/p&gt;\r\n&lt;p&gt;&amp;nbsp; &amp;nbsp; &amp;nbsp; &amp;nbsp; &amp;nbsp; &amp;nbsp; --color-light: #F7FAFC;&lt;/p&gt;\r\n&lt;p&gt;&amp;nbsp; &amp;nbsp; &amp;nbsp; &amp;nbsp; &amp;nbsp; &amp;nbsp; --color-bg1: #FFFFFF;&lt;/p&gt;\r\n&lt;p&gt;&amp;nbsp; &amp;nbsp; &amp;nbsp; &amp;nbsp; &amp;nbsp; &amp;nbsp; --color-bg2: #F5F7FF;&lt;/p&gt;\r\n&lt;p&gt;&amp;nbsp; &amp;nbsp; &amp;nbsp; &amp;nbsp; &amp;nbsp; &amp;nbsp; --transition: all 0.3s ease;&lt;/p&gt;\r\n&lt;p&gt;&amp;nbsp; &amp;nbsp; &amp;nbsp; &amp;nbsp; &amp;nbsp; &amp;nbsp; --shadow-sm: 0 1px 3px rgba(0,0,0,0.12);&lt;/p&gt;\r\n&lt;p&gt;&amp;nbsp; &amp;nbsp; &amp;nbsp; &amp;nbsp; &amp;nbsp; &amp;nbsp; --shadow-md: 0 4px 6px rgba(0,0,0,0.1);&lt;/p&gt;\r\n&lt;p&gt;&amp;nbsp; &amp;nbsp; &amp;nbsp; &amp;nbsp; &amp;nbsp; &amp;nbsp; --shadow-lg: 0 10px 15px rgba(0,0,0,0.1);&lt;/p&gt;\r\n&lt;p&gt;&amp;nbsp; &amp;nbsp; &amp;nbsp; &amp;nbsp; &amp;nbsp; &amp;nbsp; --border-radius: 12px;&lt;/p&gt;\r\n&lt;p&gt;&amp;nbsp; &amp;nbsp; &amp;nbsp; &amp;nbsp; }&lt;/p&gt;\r\n&lt;p&gt;&amp;nbsp; &amp;nbsp; &amp;nbsp; &amp;nbsp;&amp;nbsp;&lt;/p&gt;\r\n&lt;p&gt;&amp;nbsp; &amp;nbsp; &amp;nbsp; &amp;nbsp; body {&lt;/p&gt;\r\n&lt;p&gt;&amp;nbsp; &amp;nbsp; &amp;nbsp; &amp;nbsp; &amp;nbsp; &amp;nbsp; font-family: &#039;Poppins&#039;, sans-serif;&lt;/p&gt;\r\n&lt;p&gt;&amp;nbsp; &amp;nbsp; &amp;nbsp; &amp;nbsp; &amp;nbsp; &amp;nbsp; background-color: var(--color-bg2);&lt;/p&gt;\r\n&lt;p&gt;&amp;nbsp; &amp;nbsp; &amp;nbsp; &amp;nbsp; &amp;nbsp; &amp;nbsp; color: var(--color-dark);&lt;/p&gt;\r\n&lt;p&gt;&amp;nbsp; &amp;nbsp; &amp;nbsp; &amp;nbsp; &amp;nbsp; &amp;nbsp; margin: 0;&lt;/p&gt;\r\n&lt;p&gt;&amp;nbsp; &amp;nbsp; &amp;nbsp; &amp;nbsp; &amp;nbsp; &amp;nbsp; padding: 0;&lt;/p&gt;\r\n&lt;p&gt;&amp;nbsp; &amp;nbsp; &amp;nbsp; &amp;nbsp; &amp;nbsp; &amp;nbsp; line-height: 1.6;&lt;/p&gt;\r\n&lt;p&gt;&amp;nbsp; &amp;nbsp; &amp;nbsp; &amp;nbsp; }&lt;/p&gt;\r\n&lt;p&gt;&amp;nbsp; &amp;nbsp; &amp;nbsp; &amp;nbsp;&amp;nbsp;&lt;/p&gt;\r\n&lt;p&gt;&amp;nbsp; &amp;nbsp; &amp;nbsp; &amp;nbsp; .nav {&lt;/p&gt;\r\n&lt;p&gt;&amp;nbsp; &amp;nbsp; &amp;nbsp; &amp;nbsp; &amp;nbsp; &amp;nbsp; background: white;&lt;/p&gt;\r\n&lt;p&gt;&amp;nbsp; &amp;nbsp; &amp;nbsp; &amp;nbsp; &amp;nbsp; &amp;nbsp; padding: 1rem 2rem;&lt;/p&gt;\r\n&lt;p&gt;&amp;nbsp; &amp;nbsp; &amp;nbsp; &amp;nbsp; &amp;nbsp; &amp;nbsp; display: flex;&lt;/p&gt;\r\n&lt;p&gt;&amp;nbsp; &amp;nbsp; &amp;nbsp; &amp;nbsp; &amp;nbsp; &amp;nbsp; justify-content: space-between;&lt;/p&gt;\r\n&lt;p&gt;&amp;nbsp; &amp;nbsp; &amp;nbsp; &amp;nbsp; &amp;nbsp; &amp;nbsp; align-items: center;&lt;/p&gt;\r\n&lt;p&gt;&amp;nbsp; &amp;nbsp; &amp;nbsp; &amp;nbsp; &amp;nbsp; &amp;nbsp; box-shadow: var(--shadow-sm);&lt;/p&gt;\r\n&lt;p&gt;&amp;nbsp; &amp;nbsp; &amp;nbsp; &amp;nbsp; &amp;nbsp; &amp;nbsp; position: sticky;&lt;/p&gt;\r\n&lt;p&gt;&amp;nbsp; &amp;nbsp; &amp;nbsp; &amp;nbsp; &amp;nbsp; &amp;nbsp; top: 0;&lt;/p&gt;\r\n&lt;p&gt;&amp;nbsp; &amp;nbsp; &amp;nbsp; &amp;nbsp; &amp;nbsp; &amp;nbsp; z-index: 100;&lt;/p&gt;\r\n&lt;p&gt;&amp;nbsp; &amp;nbsp; &amp;nbsp; &amp;nbsp; }&lt;/p&gt;\r\n&lt;p&gt;&amp;nbsp; &amp;nbsp; &amp;nbsp; &amp;nbsp;&amp;nbsp;&lt;/p&gt;\r\n&lt;p&gt;&amp;nbsp; &amp;nbsp; &amp;nbsp; &amp;nbsp; .nav h2 {&lt;/p&gt;\r\n&lt;p&gt;&amp;nbsp; &amp;nbsp; &amp;nbsp; &amp;nbsp; &amp;nbsp; &amp;nbsp; font-family: &#039;Fredoka One&#039;, cursive;&lt;/p&gt;\r\n&lt;p&gt;&amp;nbsp; &amp;nbsp; &amp;nbsp; &amp;nbsp; &amp;nbsp; &amp;nbsp; color: var(--color-primary);&lt;/p&gt;\r\n&lt;p&gt;&amp;nbsp; &amp;nbsp; &amp;nbsp; &amp;nbsp; &amp;nbsp; &amp;nbsp; margin: 0;&lt;/p&gt;\r\n&lt;p&gt;&amp;nbsp; &amp;nbsp; &amp;nbsp; &amp;nbsp; &amp;nbsp; &amp;nbsp; font-size: 1.5rem;&lt;/p&gt;\r\n&lt;p&gt;&amp;nbsp; &amp;nbsp; &amp;nbsp; &amp;nbsp; }&lt;/p&gt;\r\n&lt;p&gt;&amp;nbsp; &amp;nbsp; &amp;nbsp; &amp;nbsp;&amp;nbsp;&lt;/p&gt;\r\n&lt;p&gt;&amp;nbsp; &amp;nbsp; &amp;nbsp; &amp;nbsp; .nav h2 a {&lt;/p&gt;\r\n&lt;p&gt;&amp;nbsp; &amp;nbsp; &amp;nbsp; &amp;nbsp; &amp;nbsp; &amp;nbsp; color: inherit;&lt;/p&gt;\r\n&lt;p&gt;&amp;nbsp; &amp;nbsp; &amp;nbsp; &amp;nbsp; &amp;nbsp; &amp;nbsp; text-decoration: none;&lt;/p&gt;\r\n&lt;p&gt;&amp;nbsp; &amp;nbsp; &amp;nbsp; &amp;nbsp; }&lt;/p&gt;\r\n&lt;p&gt;&amp;nbsp; &amp;nbsp; &amp;nbsp; &amp;nbsp;&amp;nbsp;&lt;/p&gt;\r\n&lt;p&gt;&amp;nbsp; &amp;nbsp; &amp;nbsp; &amp;nbsp; .nav h2 a:hover {&lt;/p&gt;\r\n&lt;p&gt;&amp;nbsp; &amp;nbsp; &amp;nbsp; &amp;nbsp; &amp;nbsp; &amp;nbsp; color: var(--color-primary-light);&lt;/p&gt;\r\n&lt;p&gt;&amp;nbsp; &amp;nbsp; &amp;nbsp; &amp;nbsp; }&lt;/p&gt;\r\n&lt;p&gt;&amp;nbsp; &amp;nbsp; &amp;nbsp; &amp;nbsp;&amp;nbsp;&lt;/p&gt;\r\n&lt;p&gt;&amp;nbsp; &amp;nbsp; &amp;nbsp; &amp;nbsp; .myCourse {&lt;/p&gt;\r\n&lt;p&gt;&amp;nbsp; &amp;nbsp; &amp;nbsp; &amp;nbsp; &amp;nbsp; &amp;nbsp; background: var(--color-primary);&lt;/p&gt;\r\n&lt;p&gt;&amp;nbsp; &amp;nbsp; &amp;nbsp; &amp;nbsp; &amp;nbsp; &amp;nbsp; color: white;&lt;/p&gt;\r\n&lt;p&gt;&amp;nbsp; &amp;nbsp; &amp;nbsp; &amp;nbsp; &amp;nbsp; &amp;nbsp; padding: 0.5rem 1.5rem;&lt;/p&gt;\r\n&lt;p&gt;&amp;nbsp; &amp;nbsp; &amp;nbsp; &amp;nbsp; &amp;nbsp; &amp;nbsp; border-radius: 50px;&lt;/p&gt;\r\n&lt;p&gt;&amp;nbsp; &amp;nbsp; &amp;nbsp; &amp;nbsp; &amp;nbsp; &amp;nbsp; text-decoration: none;&lt;/p&gt;\r\n&lt;p&gt;&amp;nbsp; &amp;nbsp; &amp;nbsp; &amp;nbsp; &amp;nbsp; &amp;nbsp; font-weight: 500;&lt;/p&gt;\r\n&lt;p&gt;&amp;nbsp; &amp;nbsp; &amp;nbsp; &amp;nbsp; &amp;nbsp; &amp;nbsp; transition: var(--transition);&lt;/p&gt;\r\n&lt;p&gt;&amp;nbsp; &amp;nbsp; &amp;nbsp; &amp;nbsp; &amp;nbsp; &amp;nbsp; display: inline-flex;&lt;/p&gt;\r\n&lt;p&gt;&amp;nbsp; &amp;nbsp; &amp;nbsp; &amp;nbsp; &amp;nbsp; &amp;nbsp; align-items: center;&lt;/p&gt;\r\n&lt;p&gt;&amp;nbsp; &amp;nbsp; &amp;nbsp; &amp;nbsp; &amp;nbsp; &amp;nbsp; gap: 0.5rem;&lt;/p&gt;\r\n&lt;p&gt;&amp;nbsp; &amp;nbsp; &amp;nbsp; &amp;nbsp; }&lt;/p&gt;\r\n&lt;p&gt;&amp;nbsp; &amp;nbsp; &amp;nbsp; &amp;nbsp;&amp;nbsp;&lt;/p&gt;\r\n&lt;p&gt;&amp;nbsp; &amp;nbsp; &amp;nbsp; &amp;nbsp; .myCourse:hover {&lt;/p&gt;\r\n&lt;p&gt;&amp;nbsp; &amp;nbsp; &amp;nbsp; &amp;nbsp; &amp;nbsp; &amp;nbsp; background: var(--color-primary-light);&lt;/p&gt;\r\n&lt;p&gt;&amp;nbsp; &amp;nbsp; &amp;nbsp; &amp;nbsp; &amp;nbsp; &amp;nbsp; transform: translateY(-2px);&lt;/p&gt;\r\n&lt;p&gt;&amp;nbsp; &amp;nbsp; &amp;nbsp; &amp;nbsp; &amp;nbsp; &amp;nbsp; box-shadow: var(--shadow-sm);&lt;/p&gt;\r\n&lt;p&gt;&amp;nbsp; &amp;nbsp; &amp;nbsp; &amp;nbsp; }&lt;/p&gt;\r\n&lt;p&gt;&amp;nbsp; &amp;nbsp; &amp;nbsp; &amp;nbsp;&amp;nbsp;&lt;/p&gt;\r\n&lt;p&gt;&amp;nbsp; &amp;nbsp; &amp;nbsp; &amp;nbsp; #courseName {&lt;/p&gt;\r\n&lt;p&gt;&amp;nbsp; &amp;nbsp; &amp;nbsp; &amp;nbsp; &amp;nbsp; &amp;nbsp; max-width: 1200px;&lt;/p&gt;\r\n&lt;p&gt;&amp;nbsp; &amp;nbsp; &amp;nbsp; &amp;nbsp; &amp;nbsp; &amp;nbsp; margin: 2rem auto 0;&lt;/p&gt;\r\n&lt;p&gt;&amp;nbsp; &amp;nbsp; &amp;nbsp; &amp;nbsp; &amp;nbsp; &amp;nbsp; padding: 0 2rem;&lt;/p&gt;\r\n&lt;p&gt;&amp;nbsp; &amp;nbsp; &amp;nbsp; &amp;nbsp; }&lt;/p&gt;\r\n&lt;p&gt;&amp;nbsp; &amp;nbsp; &amp;nbsp; &amp;nbsp;&amp;nbsp;&lt;/p&gt;\r\n&lt;p&gt;&amp;nbsp; &amp;nbsp; &amp;nbsp; &amp;nbsp; #courseName h2 {&lt;/p&gt;\r\n&lt;p&gt;&amp;nbsp; &amp;nbsp; &amp;nbsp; &amp;nbsp; &amp;nbsp; &amp;nbsp; color: var(--color-primary);&lt;/p&gt;\r\n&lt;p&gt;&amp;nbsp; &amp;nbsp; &amp;nbsp; &amp;nbsp; &amp;nbsp; &amp;nbsp; font-size: 1.8rem;&lt;/p&gt;\r\n&lt;p&gt;&amp;nbsp; &amp;nbsp; &amp;nbsp; &amp;nbsp; &amp;nbsp; &amp;nbsp; margin-bottom: 0.5rem;&lt;/p&gt;\r\n&lt;p&gt;&amp;nbsp; &amp;nbsp; &amp;nbsp; &amp;nbsp; }&lt;/p&gt;\r\n&lt;p&gt;&amp;nbsp; &amp;nbsp; &amp;nbsp; &amp;nbsp;&amp;nbsp;&lt;/p&gt;\r\n&lt;p&gt;&amp;nbsp; &amp;nbsp; &amp;nbsp; &amp;nbsp; .course-progress {&lt;/p&gt;\r\n&lt;p&gt;&amp;nbsp; &amp;nbsp; &amp;nbsp; &amp;nbsp; &amp;nbsp; &amp;nbsp; background: var(--color-bg1);&lt;/p&gt;\r\n&lt;p&gt;&amp;nbsp; &amp;nbsp; &amp;nbsp; &amp;nbsp; &amp;nbsp; &amp;nbsp; height: 8px;&lt;/p&gt;\r\n&lt;p&gt;&amp;nbsp; &amp;nbsp; &amp;nbsp; &amp;nbsp; &amp;nbsp; &amp;nbsp; border-radius: 4px;&lt;/p&gt;\r\n&lt;p&gt;&amp;nbsp; &amp;nbsp; &amp;nbsp; &amp;nbsp; &amp;nbsp; &amp;nbsp; margin: 1rem 0;&lt;/p&gt;\r\n&lt;p&gt;&amp;nbsp; &amp;nbsp; &amp;nbsp; &amp;nbsp; &amp;nbsp; &amp;nbsp; overflow: hidden;&lt;/p&gt;\r\n&lt;p&gt;&amp;nbsp; &amp;nbsp; &amp;nbsp; &amp;nbsp; }&lt;/p&gt;\r\n&lt;p&gt;&amp;nbsp; &amp;nbsp; &amp;nbsp; &amp;nbsp;&amp;nbsp;&lt;/p&gt;\r\n&lt;p&gt;&amp;nbsp; &amp;nbsp; &amp;nbsp; &amp;nbsp; .progress-bar {&lt;/p&gt;\r\n&lt;p&gt;&amp;nbsp; &amp;nbsp; &amp;nbsp; &amp;nbsp; &amp;nbsp; &amp;nbsp; height: 100%;&lt;/p&gt;\r\n&lt;p&gt;&amp;nbsp; &amp;nbsp; &amp;nbsp; &amp;nbsp; &amp;nbsp; &amp;nbsp; background: var(--color-primary);&lt;/p&gt;\r\n&lt;p&gt;&amp;nbsp; &amp;nbsp; &amp;nbsp; &amp;nbsp; &amp;nbsp; &amp;nbsp; border-radius: 4px;&lt;/p&gt;\r\n&lt;p&gt;&amp;nbsp; &amp;nbsp; &amp;nbsp; &amp;nbsp; &amp;nbsp; &amp;nbsp; transition: width 0.5s ease;&lt;/p&gt;\r\n&lt;p&gt;&amp;nbsp; &amp;nbsp; &amp;nbsp; &amp;nbsp; }&lt;/p&gt;\r\n&lt;p&gt;&amp;nbsp; &amp;nbsp; &amp;nbsp; &amp;nbsp;&amp;nbsp;&lt;/p&gt;\r\n&lt;p&gt;&amp;nbsp; &amp;nbsp; &amp;nbsp; &amp;nbsp; .container {&lt;/p&gt;\r\n&lt;p&gt;&amp;nbsp; &amp;nbsp; &amp;nbsp; &amp;nbsp; &amp;nbsp; &amp;nbsp; max-width: 1200px;&lt;/p&gt;\r\n&lt;p&gt;&amp;nbsp; &amp;nbsp; &amp;nbsp; &amp;nbsp; &amp;nbsp; &amp;nbsp; margin: 2rem auto;&lt;/p&gt;\r\n&lt;p&gt;&amp;nbsp; &amp;nbsp; &amp;nbsp; &amp;nbsp; &amp;nbsp; &amp;nbsp; padding: 0 2rem;&lt;/p&gt;\r\n&lt;p&gt;&amp;nbsp; &amp;nbsp; &amp;nbsp; &amp;nbsp; &amp;nbsp; &amp;nbsp; display: grid;&lt;/p&gt;\r\n&lt;p&gt;&amp;nbsp; &amp;nbsp; &amp;nbsp; &amp;nbsp; &amp;nbsp; &amp;nbsp; grid-template-columns: 2fr 1fr;&lt;/p&gt;\r\n&lt;p&gt;&amp;nbsp; &amp;nbsp; &amp;nbsp; &amp;nbsp; &amp;nbsp; &amp;nbsp; gap: 2rem;&lt;/p&gt;\r\n&lt;p&gt;&amp;nbsp; &amp;nbsp; &amp;nbsp; &amp;nbsp; }&lt;/p&gt;\r\n&lt;p&gt;&amp;nbsp; &amp;nbsp; &amp;nbsp; &amp;nbsp;&amp;nbsp;&lt;/p&gt;\r\n&lt;p&gt;&amp;nbsp; &amp;nbsp; &amp;nbsp; &amp;nbsp; .player-container {&lt;/p&gt;\r\n&lt;p&gt;&amp;nbsp; &amp;nbsp; &amp;nbsp; &amp;nbsp; &amp;nbsp; &amp;nbsp; background: white;&lt;/p&gt;\r\n&lt;p&gt;&amp;nbsp; &amp;nbsp; &amp;nbsp; &amp;nbsp; &amp;nbsp; &amp;nbsp; border-radius: var(--border-radius);&lt;/p&gt;\r\n&lt;p&gt;&amp;nbsp; &amp;nbsp; &amp;nbsp; &amp;nbsp; &amp;nbsp; &amp;nbsp; box-shadow: var(--shadow-sm);&lt;/p&gt;\r\n&lt;p&gt;&amp;nbsp; &amp;nbsp; &amp;nbsp; &amp;nbsp; &amp;nbsp; &amp;nbsp; overflow: hidden;&lt;/p&gt;\r\n&lt;p&gt;&amp;nbsp; &amp;nbsp; &amp;nbsp; &amp;nbsp; }&lt;/p&gt;\r\n&lt;p&gt;&amp;nbsp; &amp;nbsp; &amp;nbsp; &amp;nbsp;&amp;nbsp;&lt;/p&gt;\r\n&lt;p&gt;&amp;nbsp; &amp;nbsp; &amp;nbsp; &amp;nbsp; .video-js {&lt;/p&gt;\r\n&lt;p&gt;&amp;nbsp; &amp;nbsp; &amp;nbsp; &amp;nbsp; &amp;nbsp; &amp;nbsp; width: 100%;&lt;/p&gt;\r\n&lt;p&gt;&amp;nbsp; &amp;nbsp; &amp;nbsp; &amp;nbsp; &amp;nbsp; &amp;nbsp; height: auto;&lt;/p&gt;\r\n&lt;p&gt;&amp;nbsp; &amp;nbsp; &amp;nbsp; &amp;nbsp; &amp;nbsp; &amp;nbsp; background: #000;&lt;/p&gt;\r\n&lt;p&gt;&amp;nbsp; &amp;nbsp; &amp;nbsp; &amp;nbsp; }&lt;/p&gt;\r\n&lt;p&gt;&amp;nbsp; &amp;nbsp; &amp;nbsp; &amp;nbsp;&amp;nbsp;&lt;/p&gt;\r\n&lt;p&gt;&amp;nbsp; &amp;nbsp; &amp;nbsp; &amp;nbsp; .video-meta {&lt;/p&gt;\r\n&lt;p&gt;&amp;nbsp; &amp;nbsp; &amp;nbsp; &amp;nbsp; &amp;nbsp; &amp;nbsp; padding: 1.5rem;&lt;/p&gt;\r\n&lt;p&gt;&amp;nbsp; &amp;nbsp; &amp;nbsp; &amp;nbsp; &amp;nbsp; &amp;nbsp; background: white;&lt;/p&gt;\r\n&lt;p&gt;&amp;nbsp; &amp;nbsp; &amp;nbsp; &amp;nbsp; }&lt;/p&gt;\r\n&lt;p&gt;&amp;nbsp; &amp;nbsp; &amp;nbsp; &amp;nbsp;&amp;nbsp;&lt;/p&gt;\r\n&lt;p&gt;&amp;nbsp; &amp;nbsp; &amp;nbsp; &amp;nbsp; .video-meta h1 {&lt;/p&gt;\r\n&lt;p&gt;&amp;nbsp; &amp;nbsp; &amp;nbsp; &amp;nbsp; &amp;nbsp; &amp;nbsp; margin: 0 0 0.5rem;&lt;/p&gt;\r\n&lt;p&gt;&amp;nbsp; &amp;nbsp; &amp;nbsp; &amp;nbsp; &amp;nbsp; &amp;nbsp; color: var(--color-dark);&lt;/p&gt;\r\n&lt;p&gt;&amp;nbsp; &amp;nbsp; &amp;nbsp; &amp;nbsp; &amp;nbsp; &amp;nbsp; font-size: 1.8rem;&lt;/p&gt;\r\n&lt;p&gt;&amp;nbsp; &amp;nbsp; &amp;nbsp; &amp;nbsp; }&lt;/p&gt;\r\n&lt;p&gt;&amp;nbsp; &amp;nbsp; &amp;nbsp; &amp;nbsp;&amp;nbsp;&lt;/p&gt;\r\n&lt;p&gt;&amp;nbsp; &amp;nbsp; &amp;nbsp; &amp;nbsp; .video-meta .meta-item {&lt;/p&gt;\r\n&lt;p&gt;&amp;nbsp; &amp;nbsp; &amp;nbsp; &amp;nbsp; &amp;nbsp; &amp;nbsp; display: flex;&lt;/p&gt;\r\n&lt;p&gt;&amp;nbsp; &amp;nbsp; &amp;nbsp; &amp;nbsp; &amp;nbsp; &amp;nbsp; align-items: center;&lt;/p&gt;\r\n&lt;p&gt;&amp;nbsp; &amp;nbsp; &amp;nbsp; &amp;nbsp; &amp;nbsp; &amp;nbsp; gap: 0.5rem;&lt;/p&gt;\r\n&lt;p&gt;&amp;nbsp; &amp;nbsp; &amp;nbsp; &amp;nbsp; &amp;nbsp; &amp;nbsp; margin-bottom: 0.5rem;&lt;/p&gt;\r\n&lt;p&gt;&amp;nbsp; &amp;nbsp; &amp;nbsp; &amp;nbsp; &amp;nbsp; &amp;nbsp; color: var(--color-dark);&lt;/p&gt;\r\n&lt;p&gt;&amp;nbsp; &amp;nbsp; &amp;nbsp; &amp;nbsp; &amp;nbsp; &amp;nbsp; opacity: 0.8;&lt;/p&gt;\r\n&lt;p&gt;&amp;nbsp; &amp;nbsp; &amp;nbsp; &amp;nbsp; &amp;nbsp; &amp;nbsp; font-size: 0.9rem;&lt;/p&gt;\r\n&lt;p&gt;&amp;nbsp; &amp;nbsp; &amp;nbsp; &amp;nbsp; }&lt;/p&gt;\r\n&lt;p&gt;&amp;nbsp; &amp;nbsp; &amp;nbsp; &amp;nbsp;&amp;nbsp;&lt;/p&gt;\r\n&lt;p&gt;&amp;nbsp; &amp;nbsp; &amp;nbsp; &amp;nbsp; .lesson {&lt;/p&gt;\r\n&lt;p&gt;&amp;nbsp; &amp;nbsp; &amp;nbsp; &amp;nbsp; &amp;nbsp; &amp;nbsp; background: white;&lt;/p&gt;\r\n&lt;p&gt;&amp;nbsp; &amp;nbsp; &amp;nbsp; &amp;nbsp; &amp;nbsp; &amp;nbsp; border-radius: var(--border-radius);&lt;/p&gt;\r\n&lt;p&gt;&amp;nbsp; &amp;nbsp; &amp;nbsp; &amp;nbsp; &amp;nbsp; &amp;nbsp; box-shadow: var(--shadow-sm);&lt;/p&gt;\r\n&lt;p&gt;&amp;nbsp; &amp;nbsp; &amp;nbsp; &amp;nbsp; &amp;nbsp; &amp;nbsp; padding: 1.5rem;&lt;/p&gt;\r\n&lt;p&gt;&amp;nbsp; &amp;nbsp; &amp;nbsp; &amp;nbsp; &amp;nbsp; &amp;nbsp; position: sticky;&lt;/p&gt;\r\n&lt;p&gt;&amp;nbsp; &amp;nbsp; &amp;nbsp; &amp;nbsp; &amp;nbsp; &amp;nbsp; top: 80px;&lt;/p&gt;\r\n&lt;p&gt;&amp;nbsp; &amp;nbsp; &amp;nbsp; &amp;nbsp; &amp;nbsp; &amp;nbsp; max-height: 80vh;&lt;/p&gt;\r\n&lt;p&gt;&amp;nbsp; &amp;nbsp; &amp;nbsp; &amp;nbsp; &amp;nbsp; &amp;nbsp; overflow-y: auto;&lt;/p&gt;\r\n&lt;p&gt;&amp;nbsp; &amp;nbsp; &amp;nbsp; &amp;nbsp; }&lt;/p&gt;\r\n&lt;p&gt;&amp;nbsp; &amp;nbsp; &amp;nbsp; &amp;nbsp;&amp;nbsp;&lt;/p&gt;\r\n&lt;p&gt;&amp;nbsp; &amp;nbsp; &amp;nbsp; &amp;nbsp; .lesson h2 {&lt;/p&gt;\r\n&lt;p&gt;&amp;nbsp; &amp;nbsp; &amp;nbsp; &amp;nbsp; &amp;nbsp; &amp;nbsp; color: var(--color-primary);&lt;/p&gt;\r\n&lt;p&gt;&amp;nbsp; &amp;nbsp; &amp;nbsp; &amp;nbsp; &amp;nbsp; &amp;nbsp; font-size: 1.5rem;&lt;/p&gt;\r\n&lt;p&gt;&amp;nbsp; &amp;nbsp; &amp;nbsp; &amp;nbsp; &amp;nbsp; &amp;nbsp; margin-top: 0;&lt;/p&gt;\r\n&lt;p&gt;&amp;nbsp; &amp;nbsp; &amp;nbsp; &amp;nbsp; &amp;nbsp; &amp;nbsp; display: flex;&lt;/p&gt;\r\n&lt;p&gt;&amp;nbsp; &amp;nbsp; &amp;nbsp; &amp;nbsp; &amp;nbsp; &amp;nbsp; align-items: center;&lt;/p&gt;\r\n&lt;p&gt;&amp;nbsp; &amp;nbsp; &amp;nbsp; &amp;nbsp; &amp;nbsp; &amp;nbsp; gap: 0.5rem;&lt;/p&gt;\r\n&lt;p&gt;&amp;nbsp; &amp;nbsp; &amp;nbsp; &amp;nbsp; }&lt;/p&gt;\r\n&lt;p&gt;&amp;nbsp; &amp;nbsp; &amp;nbsp; &amp;nbsp;&amp;nbsp;&lt;/p&gt;\r\n&lt;p&gt;&amp;nbsp; &amp;nbsp; &amp;nbsp; &amp;nbsp; #playlist {&lt;/p&gt;\r\n&lt;p&gt;&amp;nbsp; &amp;nbsp; &amp;nbsp; &amp;nbsp; &amp;nbsp; &amp;nbsp; list-style: none;&lt;/p&gt;\r\n&lt;p&gt;&amp;nbsp; &amp;nbsp; &amp;nbsp; &amp;nbsp; &amp;nbsp; &amp;nbsp; padding: 0;&lt;/p&gt;\r\n&lt;p&gt;&amp;nbsp; &amp;nbsp; &amp;nbsp; &amp;nbsp; &amp;nbsp; &amp;nbsp; margin: 0;&lt;/p&gt;\r\n&lt;p&gt;&amp;nbsp; &amp;nbsp; &amp;nbsp; &amp;nbsp; }&lt;/p&gt;\r\n&lt;p&gt;&amp;nbsp; &amp;nbsp; &amp;nbsp; &amp;nbsp;&amp;nbsp;&lt;/p&gt;\r\n&lt;p&gt;&amp;nbsp; &amp;nbsp; &amp;nbsp; &amp;nbsp; #playlist li {&lt;/p&gt;\r\n&lt;p&gt;&amp;nbsp; &amp;nbsp; &amp;nbsp; &amp;nbsp; &amp;nbsp; &amp;nbsp; padding: 0.75rem 1rem;&lt;/p&gt;\r\n&lt;p&gt;&amp;nbsp; &amp;nbsp; &amp;nbsp; &amp;nbsp; &amp;nbsp; &amp;nbsp; cursor: pointer;&lt;/p&gt;\r\n&lt;p&gt;&amp;nbsp; &amp;nbsp; &amp;nbsp; &amp;nbsp; &amp;nbsp; &amp;nbsp; transition: var(--transition);&lt;/p&gt;\r\n&lt;p&gt;&amp;nbsp; &amp;nbsp; &amp;nbsp; &amp;nbsp; &amp;nbsp; &amp;nbsp; border-bottom: 1px solid var(--color-bg2);&lt;/p&gt;\r\n&lt;p&gt;&amp;nbsp; &amp;nbsp; &amp;nbsp; &amp;nbsp; &amp;nbsp; &amp;nbsp; display: flex;&lt;/p&gt;\r\n&lt;p&gt;&amp;nbsp; &amp;nbsp; &amp;nbsp; &amp;nbsp; &amp;nbsp; &amp;nbsp; align-items: center;&lt;/p&gt;\r\n&lt;p&gt;&amp;nbsp; &amp;nbsp; &amp;nbsp; &amp;nbsp; &amp;nbsp; &amp;nbsp; gap: 0.75rem;&lt;/p&gt;\r\n&lt;p&gt;&amp;nbsp; &amp;nbsp; &amp;nbsp; &amp;nbsp; }&lt;/p&gt;\r\n&lt;p&gt;&amp;nbsp; &amp;nbsp; &amp;nbsp; &amp;nbsp;&amp;nbsp;&lt;/p&gt;\r\n&lt;p&gt;&amp;nbsp; &amp;nbsp; &amp;nbsp; &amp;nbsp; #playlist li:hover {&lt;/p&gt;\r\n&lt;p&gt;&amp;nbsp; &amp;nbsp; &amp;nbsp; &amp;nbsp; &amp;nbsp; &amp;nbsp; background: var(--color-bg2);&lt;/p&gt;\r\n&lt;p&gt;&amp;nbsp; &amp;nbsp; &amp;nbsp; &amp;nbsp; &amp;nbsp; &amp;nbsp; transform: translateX(5px);&lt;/p&gt;\r\n&lt;p&gt;&amp;nbsp; &amp;nbsp; &amp;nbsp; &amp;nbsp; }&lt;/p&gt;\r\n&lt;p&gt;&amp;nbsp; &amp;nbsp; &amp;nbsp; &amp;nbsp;&amp;nbsp;&lt;/p&gt;\r\n&lt;p&gt;&amp;nbsp; &amp;nbsp; &amp;nbsp; &amp;nbsp; #playlist li.active {&lt;/p&gt;\r\n&lt;p&gt;&amp;nbsp; &amp;nbsp; &amp;nbsp; &amp;nbsp; &amp;nbsp; &amp;nbsp; background: rgba(108, 99, 255, 0.1);&lt;/p&gt;\r\n&lt;p&gt;&amp;nbsp; &amp;nbsp; &amp;nbsp; &amp;nbsp; &amp;nbsp; &amp;nbsp; border-left: 3px solid var(--color-primary);&lt;/p&gt;\r\n&lt;p&gt;&amp;nbsp; &amp;nbsp; &amp;nbsp; &amp;nbsp; &amp;nbsp; &amp;nbsp; color: var(--color-primary);&lt;/p&gt;\r\n&lt;p&gt;&amp;nbsp; &amp;nbsp; &amp;nbsp; &amp;nbsp; &amp;nbsp; &amp;nbsp; font-weight: 500;&lt;/p&gt;\r\n&lt;p&gt;&amp;nbsp; &amp;nbsp; &amp;nbsp; &amp;nbsp; }&lt;/p&gt;\r\n&lt;p&gt;&amp;nbsp; &amp;nbsp; &amp;nbsp; &amp;nbsp;&amp;nbsp;&lt;/p&gt;\r\n&lt;p&gt;&amp;nbsp; &amp;nbsp; &amp;nbsp; &amp;nbsp; #playlist li.completed {&lt;/p&gt;\r\n&lt;p&gt;&amp;nbsp; &amp;nbsp; &amp;nbsp; &amp;nbsp; &amp;nbsp; &amp;nbsp; color: var(--color-dark);&lt;/p&gt;\r\n&lt;p&gt;&amp;nbsp; &amp;nbsp; &amp;nbsp; &amp;nbsp; &amp;nbsp; &amp;nbsp; position: relative;&lt;/p&gt;\r\n&lt;p&gt;&amp;nbsp; &amp;nbsp; &amp;nbsp; &amp;nbsp; }&lt;/p&gt;\r\n&lt;p&gt;&amp;nbsp; &amp;nbsp; &amp;nbsp; &amp;nbsp;&amp;nbsp;&lt;/p&gt;\r\n&lt;p&gt;&amp;nbsp; &amp;nbsp; &amp;nbsp; &amp;nbsp; #playlist li.completed::after {&lt;/p&gt;\r\n&lt;p&gt;&amp;nbsp; &amp;nbsp; &amp;nbsp; &amp;nbsp; &amp;nbsp; &amp;nbsp; content: &#039;\\f00c&#039;;&lt;/p&gt;\r\n&lt;p&gt;&amp;nbsp; &amp;nbsp; &amp;nbsp; &amp;nbsp; &amp;nbsp; &amp;nbsp; font-family: &#039;Font Awesome 6 Free&#039;;&lt;/p&gt;\r\n&lt;p&gt;&amp;nbsp; &amp;nbsp; &amp;nbsp; &amp;nbsp; &amp;nbsp; &amp;nbsp; font-weight: 900;&lt;/p&gt;\r\n&lt;p&gt;&amp;nbsp; &amp;nbsp; &amp;nbsp; &amp;nbsp; &amp;nbsp; &amp;nbsp; color: var(--color-primary);&lt;/p&gt;\r\n&lt;p&gt;&amp;nbsp; &amp;nbsp; &amp;nbsp; &amp;nbsp; &amp;nbsp; &amp;nbsp; margin-left: auto;&lt;/p&gt;\r\n&lt;p&gt;&amp;nbsp; &amp;nbsp; &amp;nbsp; &amp;nbsp; }&lt;/p&gt;\r\n&lt;p&gt;&amp;nbsp; &amp;nbsp; &amp;nbsp; &amp;nbsp;&amp;nbsp;&lt;/p&gt;\r\n&lt;p&gt;&amp;nbsp; &amp;nbsp; &amp;nbsp; &amp;nbsp; .lesson-content {&lt;/p&gt;\r\n&lt;p&gt;&amp;nbsp; &amp;nbsp; &amp;nbsp; &amp;nbsp; &amp;nbsp; &amp;nbsp; max-width: 1200px;&lt;/p&gt;\r\n&lt;p&gt;&amp;nbsp; &amp;nbsp; &amp;nbsp; &amp;nbsp; &amp;nbsp; &amp;nbsp; margin: 2rem auto;&lt;/p&gt;\r\n&lt;p&gt;&amp;nbsp; &amp;nbsp; &amp;nbsp; &amp;nbsp; &amp;nbsp; &amp;nbsp; padding: 0 2rem;&lt;/p&gt;\r\n&lt;p&gt;&amp;nbsp; &amp;nbsp; &amp;nbsp; &amp;nbsp; }&lt;/p&gt;\r\n&lt;p&gt;&amp;nbsp; &amp;nbsp; &amp;nbsp; &amp;nbsp;&amp;nbsp;&lt;/p&gt;\r\n&lt;p&gt;&amp;nbsp; &amp;nbsp; &amp;nbsp; &amp;nbsp; .lesson-content-container {&lt;/p&gt;\r\n&lt;p&gt;&amp;nbsp; &amp;nbsp; &amp;nbsp; &amp;nbsp; &amp;nbsp; &amp;nbsp; background: white;&lt;/p&gt;\r\n&lt;p&gt;&amp;nbsp; &amp;nbsp; &amp;nbsp; &amp;nbsp; &amp;nbsp; &amp;nbsp; border-radius: var(--border-radius);&lt;/p&gt;\r\n&lt;p&gt;&amp;nbsp; &amp;nbsp; &amp;nbsp; &amp;nbsp; &amp;nbsp; &amp;nbsp; box-shadow: var(--shadow-sm);&lt;/p&gt;\r\n&lt;p&gt;&amp;nbsp; &amp;nbsp; &amp;nbsp; &amp;nbsp; &amp;nbsp; &amp;nbsp; padding: 2rem;&lt;/p&gt;\r\n&lt;p&gt;&amp;nbsp; &amp;nbsp; &amp;nbsp; &amp;nbsp; &amp;nbsp; &amp;nbsp; margin-bottom: 2rem;&lt;/p&gt;\r\n&lt;p&gt;&amp;nbsp; &amp;nbsp; &amp;nbsp; &amp;nbsp; }&lt;/p&gt;\r\n&lt;p&gt;&amp;nbsp; &amp;nbsp; &amp;nbsp; &amp;nbsp;&amp;nbsp;&lt;/p&gt;\r\n&lt;p&gt;&amp;nbsp; &amp;nbsp; &amp;nbsp; &amp;nbsp; .lesson-content img {&lt;/p&gt;\r\n&lt;p&gt;&amp;nbsp; &amp;nbsp; &amp;nbsp; &amp;nbsp; &amp;nbsp; &amp;nbsp; max-width: 100%;&lt;/p&gt;\r\n&lt;p&gt;&amp;nbsp; &amp;nbsp; &amp;nbsp; &amp;nbsp; &amp;nbsp; &amp;nbsp; height: auto;&lt;/p&gt;\r\n&lt;p&gt;&amp;nbsp; &amp;nbsp; &amp;nbsp; &amp;nbsp; &amp;nbsp; &amp;nbsp; border-radius: var(--border-radius);&lt;/p&gt;\r\n&lt;p&gt;&amp;nbsp; &amp;nbsp; &amp;nbsp; &amp;nbsp; &amp;nbsp; &amp;nbsp; margin: 1rem 0;&lt;/p&gt;\r\n&lt;p&gt;&amp;nbsp; &amp;nbsp; &amp;nbsp; &amp;nbsp; &amp;nbsp; &amp;nbsp; box-shadow: var(--shadow-sm);&lt;/p&gt;\r\n&lt;p&gt;&amp;nbsp; &amp;nbsp; &amp;nbsp; &amp;nbsp; }&lt;/p&gt;\r\n&lt;p&gt;&amp;nbsp; &amp;nbsp; &amp;nbsp; &amp;nbsp;&amp;nbsp;&lt;/p&gt;\r\n&lt;p&gt;&amp;nbsp; &amp;nbsp; &amp;nbsp; &amp;nbsp; .content-section {&lt;/p&gt;\r\n&lt;p&gt;&amp;nbsp; &amp;nbsp; &amp;nbsp; &amp;nbsp; &amp;nbsp; &amp;nbsp; margin-bottom: 2rem;&lt;/p&gt;\r\n&lt;p&gt;&amp;nbsp; &amp;nbsp; &amp;nbsp; &amp;nbsp; }&lt;/p&gt;\r\n&lt;p&gt;&amp;nbsp; &amp;nbsp; &amp;nbsp; &amp;nbsp;&amp;nbsp;&lt;/p&gt;\r\n&lt;p&gt;&amp;nbsp; &amp;nbsp; &amp;nbsp; &amp;nbsp; .content-section h2 {&lt;/p&gt;\r\n&lt;p&gt;&amp;nbsp; &amp;nbsp; &amp;nbsp; &amp;nbsp; &amp;nbsp; &amp;nbsp; color: var(--color-primary);&lt;/p&gt;\r\n&lt;p&gt;&amp;nbsp; &amp;nbsp; &amp;nbsp; &amp;nbsp; &amp;nbsp; &amp;nbsp; font-size: 1.5rem;&lt;/p&gt;\r\n&lt;p&gt;&amp;nbsp; &amp;nbsp; &amp;nbsp; &amp;nbsp; &amp;nbsp; &amp;nbsp; margin-bottom: 1rem;&lt;/p&gt;\r\n&lt;p&gt;&amp;nbsp; &amp;nbsp; &amp;nbsp; &amp;nbsp; &amp;nbsp; &amp;nbsp; padding-bottom: 0.5rem;&lt;/p&gt;\r\n&lt;p&gt;&amp;nbsp; &amp;nbsp; &amp;nbsp; &amp;nbsp; &amp;nbsp; &amp;nbsp; border-bottom: 2px solid var(--color-bg2);&lt;/p&gt;\r\n&lt;p&gt;&amp;nbsp; &amp;nbsp; &amp;nbsp; &amp;nbsp; }&lt;/p&gt;\r\n&lt;p&gt;&amp;nbsp; &amp;nbsp; &amp;nbsp; &amp;nbsp;&amp;nbsp;&lt;/p&gt;\r\n&lt;p&gt;&amp;nbsp; &amp;nbsp; &amp;nbsp; &amp;nbsp; .attachments {&lt;/p&gt;\r\n&lt;p&gt;&amp;nbsp; &amp;nbsp; &amp;nbsp; &amp;nbsp; &amp;nbsp; &amp;nbsp; margin-top: 2rem;&lt;/p&gt;\r\n&lt;p&gt;&amp;nbsp; &amp;nbsp; &amp;nbsp; &amp;nbsp; &amp;nbsp; &amp;nbsp; padding-top: 2rem;&lt;/p&gt;\r\n&lt;p&gt;&amp;nbsp; &amp;nbsp; &amp;nbsp; &amp;nbsp; &amp;nbsp; &amp;nbsp; border-top: 1px solid var(--color-bg2);&lt;/p&gt;\r\n&lt;p&gt;&amp;nbsp; &amp;nbsp; &amp;nbsp; &amp;nbsp; }&lt;/p&gt;\r\n&lt;p&gt;&amp;nbsp; &amp;nbsp; &amp;nbsp; &amp;nbsp;&amp;nbsp;&lt;/p&gt;\r\n&lt;p&gt;&amp;nbsp; &amp;nbsp; &amp;nbsp; &amp;nbsp; .attachments h3 {&lt;/p&gt;\r\n&lt;p&gt;&amp;nbsp; &amp;nbsp; &amp;nbsp; &amp;nbsp; &amp;nbsp; &amp;nbsp; color: var(--color-primary);&lt;/p&gt;\r\n&lt;p&gt;&amp;nbsp; &amp;nbsp; &amp;nbsp; &amp;nbsp; &amp;nbsp; &amp;nbsp; font-size: 1.3rem;&lt;/p&gt;\r\n&lt;p&gt;&amp;nbsp; &amp;nbsp; &amp;nbsp; &amp;nbsp; &amp;nbsp; &amp;nbsp; margin-bottom: 1rem;&lt;/p&gt;\r\n&lt;p&gt;&amp;nbsp; &amp;nbsp; &amp;nbsp; &amp;nbsp; &amp;nbsp; &amp;nbsp; display: flex;&lt;/p&gt;\r\n&lt;p&gt;&amp;nbsp; &amp;nbsp; &amp;nbsp; &amp;nbsp; &amp;nbsp; &amp;nbsp; align-items: center;&lt;/p&gt;\r\n&lt;p&gt;&amp;nbsp; &amp;nbsp; &amp;nbsp; &amp;nbsp; &amp;nbsp; &amp;nbsp; gap: 0.5rem;&lt;/p&gt;\r\n&lt;p&gt;&amp;nbsp; &amp;nbsp; &amp;nbsp; &amp;nbsp; }&lt;/p&gt;\r\n&lt;p&gt;&amp;nbsp; &amp;nbsp; &amp;nbsp; &amp;nbsp;&amp;nbsp;&lt;/p&gt;\r\n&lt;p&gt;&amp;nbsp; &amp;nbsp; &amp;nbsp; &amp;nbsp; .attachment-list {&lt;/p&gt;\r\n&lt;p&gt;&amp;nbsp; &amp;nbsp; &amp;nbsp; &amp;nbsp; &amp;nbsp; &amp;nbsp; display: grid;&lt;/p&gt;\r\n&lt;p&gt;&amp;nbsp; &amp;nbsp; &amp;nbsp; &amp;nbsp; &amp;nbsp; &amp;nbsp; grid-template-columns: repeat(auto-fill, minmax(250px, 1fr));&lt;/p&gt;\r\n&lt;p&gt;&amp;nbsp; &amp;nbsp; &amp;nbsp; &amp;nbsp; &amp;nbsp; &amp;nbsp; gap: 1rem;&lt;/p&gt;\r\n&lt;p&gt;&amp;nbsp; &amp;nbsp; &amp;nbsp; &amp;nbsp; }&lt;/p&gt;\r\n&lt;p&gt;&amp;nbsp; &amp;nbsp; &amp;nbsp; &amp;nbsp;&amp;nbsp;&lt;/p&gt;\r\n&lt;p&gt;&amp;nbsp; &amp;nbsp; &amp;nbsp; &amp;nbsp; .attachment-card {&lt;/p&gt;\r\n&lt;p&gt;&amp;nbsp; &amp;nbsp; &amp;nbsp; &amp;nbsp; &amp;nbsp; &amp;nbsp; background: var(--color-bg1);&lt;/p&gt;\r\n&lt;p&gt;&amp;nbsp; &amp;nbsp; &amp;nbsp; &amp;nbsp; &amp;nbsp; &amp;nbsp; border-radius: var(--border-radius);&lt;/p&gt;\r\n&lt;p&gt;&amp;nbsp; &amp;nbsp; &amp;nbsp; &amp;nbsp; &amp;nbsp; &amp;nbsp; padding: 1rem;&lt;/p&gt;\r\n&lt;p&gt;&amp;nbsp; &amp;nbsp; &amp;nbsp; &amp;nbsp; &amp;nbsp; &amp;nbsp; display: flex;&lt;/p&gt;\r\n&lt;p&gt;&amp;nbsp; &amp;nbsp; &amp;nbsp; &amp;nbsp; &amp;nbsp; &amp;nbsp; align-items: center;&lt;/p&gt;\r\n&lt;p&gt;&amp;nbsp; &amp;nbsp; &amp;nbsp; &amp;nbsp; &amp;nbsp; &amp;nbsp; gap: 1rem;&lt;/p&gt;\r\n&lt;p&gt;&amp;nbsp; &amp;nbsp; &amp;nbsp; &amp;nbsp; &amp;nbsp; &amp;nbsp; text-decoration: none;&lt;/p&gt;\r\n&lt;p&gt;&amp;nbsp; &amp;nbsp; &amp;nbsp; &amp;nbsp; &amp;nbsp; &amp;nbsp; color: var(--color-dark);&lt;/p&gt;\r\n&lt;p&gt;&amp;nbsp; &amp;nbsp; &amp;nbsp; &amp;nbsp; &amp;nbsp; &amp;nbsp; transition: var(--transition);&lt;/p&gt;\r\n&lt;p&gt;&amp;nbsp; &amp;nbsp; &amp;nbsp; &amp;nbsp; &amp;nbsp; &amp;nbsp; border: 1px solid var(--color-bg2);&lt;/p&gt;\r\n&lt;p&gt;&amp;nbsp; &amp;nbsp; &amp;nbsp; &amp;nbsp; }&lt;/p&gt;\r\n&lt;p&gt;&amp;nbsp; &amp;nbsp; &amp;nbsp; &amp;nbsp;&amp;nbsp;&lt;/p&gt;\r\n&lt;p&gt;&amp;nbsp; &amp;nbsp; &amp;nbsp; &amp;nbsp; .attachment-card:hover {&lt;/p&gt;\r\n&lt;p&gt;&amp;nbsp; &amp;nbsp; &amp;nbsp; &amp;nbsp; &amp;nbsp; &amp;nbsp; transform: translateY(-3px);&lt;/p&gt;\r\n&lt;p&gt;&amp;nbsp; &amp;nbsp; &amp;nbsp; &amp;nbsp; &amp;nbsp; &amp;nbsp; box-shadow: var(--shadow-md);&lt;/p&gt;\r\n&lt;p&gt;&amp;nbsp; &amp;nbsp; &amp;nbsp; &amp;nbsp; &amp;nbsp; &amp;nbsp; border-color: var(--color-primary-light);&lt;/p&gt;\r\n&lt;p&gt;&amp;nbsp; &amp;nbsp; &amp;nbsp; &amp;nbsp; }&lt;/p&gt;\r\n&lt;p&gt;&amp;nbsp; &amp;nbsp; &amp;nbsp; &amp;nbsp;&amp;nbsp;&lt;/p&gt;\r\n&lt;p&gt;&amp;nbsp; &amp;nbsp; &amp;nbsp; &amp;nbsp; .attachment-icon {&lt;/p&gt;\r\n&lt;p&gt;&amp;nbsp; &amp;nbsp; &amp;nbsp; &amp;nbsp; &amp;nbsp; &amp;nbsp; width: 48px;&lt;/p&gt;\r\n&lt;p&gt;&amp;nbsp; &amp;nbsp; &amp;nbsp; &amp;nbsp; &amp;nbsp; &amp;nbsp; height: 48px;&lt;/p&gt;\r\n&lt;p&gt;&amp;nbsp; &amp;nbsp; &amp;nbsp; &amp;nbsp; &amp;nbsp; &amp;nbsp; border-radius: 50%;&lt;/p&gt;\r\n&lt;p&gt;&amp;nbsp; &amp;nbsp; &amp;nbsp; &amp;nbsp; &amp;nbsp; &amp;nbsp; background: rgba(108, 99, 255, 0.1);&lt;/p&gt;\r\n&lt;p&gt;&amp;nbsp; &amp;nbsp; &amp;nbsp; &amp;nbsp; &amp;nbsp; &amp;nbsp; display: flex;&lt;/p&gt;\r\n&lt;p&gt;&amp;nbsp; &amp;nbsp; &amp;nbsp; &amp;nbsp; &amp;nbsp; &amp;nbsp; align-items: center;&lt;/p&gt;\r\n&lt;p&gt;&amp;nbsp; &amp;nbsp; &amp;nbsp; &amp;nbsp; &amp;nbsp; &amp;nbsp; justify-content: center;&lt;/p&gt;\r\n&lt;p&gt;&amp;nbsp; &amp;nbsp; &amp;nbsp; &amp;nbsp; &amp;nbsp; &amp;nbsp; color: var(--color-primary);&lt;/p&gt;\r\n&lt;p&gt;&amp;nbsp; &amp;nbsp; &amp;nbsp; &amp;nbsp; &amp;nbsp; &amp;nbsp; font-size: 1.25rem;&lt;/p&gt;\r\n&lt;p&gt;&amp;nbsp; &amp;nbsp; &amp;nbsp; &amp;nbsp; }&lt;/p&gt;\r\n&lt;p&gt;&amp;nbsp; &amp;nbsp; &amp;nbsp; &amp;nbsp;&amp;nbsp;&lt;/p&gt;\r\n&lt;p&gt;&amp;nbsp; &amp;nbsp; &amp;nbsp; &amp;nbsp; .attachment-info {&lt;/p&gt;\r\n&lt;p&gt;&amp;nbsp; &amp;nbsp; &amp;nbsp; &amp;nbsp; &amp;nbsp; &amp;nbsp; flex: 1;&lt;/p&gt;\r\n&lt;p&gt;&amp;nbsp; &amp;nbsp; &amp;nbsp; &amp;nbsp; }&lt;/p&gt;\r\n&lt;p&gt;&amp;nbsp; &amp;nbsp; &amp;nbsp; &amp;nbsp;&amp;nbsp;&lt;/p&gt;\r\n&lt;p&gt;&amp;nbsp; &amp;nbsp; &amp;nbsp; &amp;nbsp; .attachment-info h4 {&lt;/p&gt;\r\n&lt;p&gt;&amp;nbsp; &amp;nbsp; &amp;nbsp; &amp;nbsp; &amp;nbsp; &amp;nbsp; margin: 0 0 0.25rem;&lt;/p&gt;\r\n&lt;p&gt;&amp;nbsp; &amp;nbsp; &amp;nbsp; &amp;nbsp; &amp;nbsp; &amp;nbsp; font-size: 0.9rem;&lt;/p&gt;\r\n&lt;p&gt;&amp;nbsp; &amp;nbsp; &amp;nbsp; &amp;nbsp; &amp;nbsp; &amp;nbsp; white-space: nowrap;&lt;/p&gt;\r\n&lt;p&gt;&amp;nbsp; &amp;nbsp; &amp;nbsp; &amp;nbsp; &amp;nbsp; &amp;nbsp; overflow: hidden;&lt;/p&gt;\r\n&lt;p&gt;&amp;nbsp; &amp;nbsp; &amp;nbsp; &amp;nbsp; &amp;nbsp; &amp;nbsp; text-overflow: ellipsis;&lt;/p&gt;\r\n&lt;p&gt;&amp;nbsp; &amp;nbsp; &amp;nbsp; &amp;nbsp; }&lt;/p&gt;\r\n&lt;p&gt;&amp;nbsp; &amp;nbsp; &amp;nbsp; &amp;nbsp;&amp;nbsp;&lt;/p&gt;\r\n&lt;p&gt;&amp;nbsp; &amp;nbsp; &amp;nbsp; &amp;nbsp; .attachment-info p {&lt;/p&gt;\r\n&lt;p&gt;&amp;nbsp; &amp;nbsp; &amp;nbsp; &amp;nbsp; &amp;nbsp; &amp;nbsp; margin: 0;&lt;/p&gt;\r\n&lt;p&gt;&amp;nbsp; &amp;nbsp; &amp;nbsp; &amp;nbsp; &amp;nbsp; &amp;nbsp; font-size: 0.8rem;&lt;/p&gt;\r\n&lt;p&gt;&amp;nbsp; &amp;nbsp; &amp;nbsp; &amp;nbsp; &amp;nbsp; &amp;nbsp; color: var(--color-dark);&lt;/p&gt;\r\n&lt;p&gt;&amp;nbsp; &amp;nbsp; &amp;nbsp; &amp;nbsp; &amp;nbsp; &amp;nbsp; opacity: 0.7;&lt;/p&gt;\r\n&lt;p&gt;&amp;nbsp; &amp;nbsp; &amp;nbsp; &amp;nbsp; }&lt;/p&gt;\r\n&lt;p&gt;&amp;nbsp; &amp;nbsp; &amp;nbsp; &amp;nbsp;&amp;nbsp;&lt;/p&gt;\r\n&lt;p&gt;&amp;nbsp; &amp;nbsp; &amp;nbsp; &amp;nbsp; .navigation-buttons {&lt;/p&gt;\r\n&lt;p&gt;&amp;nbsp; &amp;nbsp; &amp;nbsp; &amp;nbsp; &amp;nbsp; &amp;nbsp; display: flex;&lt;/p&gt;\r\n&lt;p&gt;&amp;nbsp; &amp;nbsp; &amp;nbsp; &amp;nbsp; &amp;nbsp; &amp;nbsp; justify-content: space-between;&lt;/p&gt;\r\n&lt;p&gt;&amp;nbsp; &amp;nbsp; &amp;nbsp; &amp;nbsp; &amp;nbsp; &amp;nbsp; margin-top: 2rem;&lt;/p&gt;\r\n&lt;p&gt;&amp;nbsp; &amp;nbsp; &amp;nbsp; &amp;nbsp; }&lt;/p&gt;\r\n&lt;p&gt;&amp;nbsp; &amp;nbsp; &amp;nbsp; &amp;nbsp;&amp;nbsp;&lt;/p&gt;\r\n&lt;p&gt;&amp;nbsp; &amp;nbsp; &amp;nbsp; &amp;nbsp; .nav-button {&lt;/p&gt;\r\n&lt;p&gt;&amp;nbsp; &amp;nbsp; &amp;nbsp; &amp;nbsp; &amp;nbsp; &amp;nbsp; padding: 0.75rem 1.5rem;&lt;/p&gt;\r\n&lt;p&gt;&amp;nbsp; &amp;nbsp; &amp;nbsp; &amp;nbsp; &amp;nbsp; &amp;nbsp; border-radius: 50px;&lt;/p&gt;\r\n&lt;p&gt;&amp;nbsp; &amp;nbsp; &amp;nbsp; &amp;nbsp; &amp;nbsp; &amp;nbsp; text-decoration: none;&lt;/p&gt;\r\n&lt;p&gt;&amp;nbsp; &amp;nbsp; &amp;nbsp; &amp;nbsp; &amp;nbsp; &amp;nbsp; font-weight: 500;&lt;/p&gt;\r\n&lt;p&gt;&amp;nbsp; &amp;nbsp; &amp;nbsp; &amp;nbsp; &amp;nbsp; &amp;nbsp; transition: var(--transition);&lt;/p&gt;\r\n&lt;p&gt;&amp;nbsp; &amp;nbsp; &amp;nbsp; &amp;nbsp; &amp;nbsp; &amp;nbsp; display: inline-flex;&lt;/p&gt;\r\n&lt;p&gt;&amp;nbsp; &amp;nbsp; &amp;nbsp; &amp;nbsp; &amp;nbsp; &amp;nbsp; align-items: center;&lt;/p&gt;\r\n&lt;p&gt;&amp;nbsp; &amp;nbsp; &amp;nbsp; &amp;nbsp; &amp;nbsp; &amp;nbsp; gap: 0.5rem;&lt;/p&gt;\r\n&lt;p&gt;&amp;nbsp; &amp;nbsp; &amp;nbsp; &amp;nbsp; }&lt;/p&gt;\r\n&lt;p&gt;&amp;nbsp; &amp;nbsp; &amp;nbsp; &amp;nbsp;&amp;nbsp;&lt;/p&gt;\r\n&lt;p&gt;&amp;nbsp; &amp;nbsp; &amp;nbsp; &amp;nbsp; .prev-lesson {&lt;/p&gt;\r\n&lt;p&gt;&amp;nbsp; &amp;nbsp; &amp;nbsp; &amp;nbsp; &amp;nbsp; &amp;nbsp; background: var(--color-bg1);&lt;/p&gt;\r\n&lt;p&gt;&amp;nbsp; &amp;nbsp; &amp;nbsp; &amp;nbsp; &amp;nbsp; &amp;nbsp; color: var(--color-dark);&lt;/p&gt;\r\n&lt;p&gt;&amp;nbsp; &amp;nbsp; &amp;nbsp; &amp;nbsp; &amp;nbsp; &amp;nbsp; border: 1px solid var(--color-bg2);&lt;/p&gt;\r\n&lt;p&gt;&amp;nbsp; &amp;nbsp; &amp;nbsp; &amp;nbsp; }&lt;/p&gt;\r\n&lt;p&gt;&amp;nbsp; &amp;nbsp; &amp;nbsp; &amp;nbsp;&amp;nbsp;&lt;/p&gt;\r\n&lt;p&gt;&amp;nbsp; &amp;nbsp; &amp;nbsp; &amp;nbsp; .prev-lesson:hover {&lt;/p&gt;\r\n&lt;p&gt;&amp;nbsp; &amp;nbsp; &amp;nbsp; &amp;nbsp; &amp;nbsp; &amp;nbsp; background: var(--color-bg2);&lt;/p&gt;\r\n&lt;p&gt;&amp;nbsp; &amp;nbsp; &amp;nbsp; &amp;nbsp; }&lt;/p&gt;\r\n&lt;p&gt;&amp;nbsp; &amp;nbsp; &amp;nbsp; &amp;nbsp;&amp;nbsp;&lt;/p&gt;\r\n&lt;p&gt;&amp;nbsp; &amp;nbsp; &amp;nbsp; &amp;nbsp; .next-lesson {&lt;/p&gt;\r\n&lt;p&gt;&amp;nbsp; &amp;nbsp; &amp;nbsp; &amp;nbsp; &amp;nbsp; &amp;nbsp; background: var(--color-primary);&lt;/p&gt;\r\n&lt;p&gt;&amp;nbsp; &amp;nbsp; &amp;nbsp; &amp;nbsp; &amp;nbsp; &amp;nbsp; color: white;&lt;/p&gt;\r\n&lt;p&gt;&amp;nbsp; &amp;nbsp; &amp;nbsp; &amp;nbsp; }&lt;/p&gt;\r\n&lt;p&gt;&amp;nbsp; &amp;nbsp; &amp;nbsp; &amp;nbsp;&amp;nbsp;&lt;/p&gt;\r\n&lt;p&gt;&amp;nbsp; &amp;nbsp; &amp;nbsp; &amp;nbsp; .next-lesson:hover {&lt;/p&gt;\r\n&lt;p&gt;&amp;nbsp; &amp;nbsp; &amp;nbsp; &amp;nbsp; &amp;nbsp; &amp;nbsp; background: var(--color-primary-light);&lt;/p&gt;\r\n&lt;p&gt;&amp;nbsp; &amp;nbsp; &amp;nbsp; &amp;nbsp; &amp;nbsp; &amp;nbsp; transform: translateY(-2px);&lt;/p&gt;\r\n&lt;p&gt;&amp;nbsp; &amp;nbsp; &amp;nbsp; &amp;nbsp; &amp;nbsp; &amp;nbsp; box-shadow: var(--shadow-sm);&lt;/p&gt;\r\n&lt;p&gt;&amp;nbsp; &amp;nbsp; &amp;nbsp; &amp;nbsp; }&lt;/p&gt;\r\n&lt;p&gt;&amp;nbsp; &amp;nbsp; &amp;nbsp; &amp;nbsp;&amp;nbsp;&lt;/p&gt;\r\n&lt;p&gt;&amp;nbsp; &amp;nbsp; &amp;nbsp; &amp;nbsp; /* Code blocks styling */&lt;/p&gt;\r\n&lt;p&gt;&amp;nbsp; &amp;nbsp; &amp;nbsp; &amp;nbsp; pre {&lt;/p&gt;\r\n&lt;p&gt;&amp;nbsp; &amp;nbsp; &amp;nbsp; &amp;nbsp; &amp;nbsp; &amp;nbsp; background: #282c34;&lt;/p&gt;\r\n&lt;p&gt;&amp;nbsp; &amp;nbsp; &amp;nbsp; &amp;nbsp; &amp;nbsp; &amp;nbsp; border-radius: var(--border-radius);&lt;/p&gt;\r\n&lt;p&gt;&amp;nbsp; &amp;nbsp; &amp;nbsp; &amp;nbsp; &amp;nbsp; &amp;nbsp; padding: 1rem;&lt;/p&gt;\r\n&lt;p&gt;&amp;nbsp; &amp;nbsp; &amp;nbsp; &amp;nbsp; &amp;nbsp; &amp;nbsp; overflow-x: auto;&lt;/p&gt;\r\n&lt;p&gt;&amp;nbsp; &amp;nbsp; &amp;nbsp; &amp;nbsp; &amp;nbsp; &amp;nbsp; margin: 1.5rem 0;&lt;/p&gt;\r\n&lt;p&gt;&amp;nbsp; &amp;nbsp; &amp;nbsp; &amp;nbsp; &amp;nbsp; &amp;nbsp; box-shadow: var(--shadow-sm);&lt;/p&gt;\r\n&lt;p&gt;&amp;nbsp; &amp;nbsp; &amp;nbsp; &amp;nbsp; }&lt;/p&gt;\r\n&lt;p&gt;&amp;nbsp; &amp;nbsp; &amp;nbsp; &amp;nbsp;&amp;nbsp;&lt;/p&gt;\r\n&lt;p&gt;&amp;nbsp; &amp;nbsp; &amp;nbsp; &amp;nbsp; code {&lt;/p&gt;\r\n&lt;p&gt;&amp;nbsp; &amp;nbsp; &amp;nbsp; &amp;nbsp; &amp;nbsp; &amp;nbsp; font-family: &#039;Courier New&#039;, monospace;&lt;/p&gt;\r\n&lt;p&gt;&amp;nbsp; &amp;nbsp; &amp;nbsp; &amp;nbsp; &amp;nbsp; &amp;nbsp; font-size: 0.9rem;&lt;/p&gt;\r\n&lt;p&gt;&amp;nbsp; &amp;nbsp; &amp;nbsp; &amp;nbsp; }&lt;/p&gt;\r\n&lt;p&gt;&amp;nbsp; &amp;nbsp; &amp;nbsp; &amp;nbsp;&amp;nbsp;&lt;/p&gt;\r\n&lt;p&gt;&amp;nbsp; &amp;nbsp; &amp;nbsp; &amp;nbsp; /* Responsive design */&lt;/p&gt;\r\n&lt;p&gt;&amp;nbsp; &amp;nbsp; &amp;nbsp; &amp;nbsp; @media (max-width: 768px) {&lt;/p&gt;\r\n&lt;p&gt;&amp;nbsp; &amp;nbsp; &amp;nbsp; &amp;nbsp; &amp;nbsp; &amp;nbsp; .container {&lt;/p&gt;\r\n&lt;p&gt;&amp;nbsp; &amp;nbsp; &amp;nbsp; &amp;nbsp; &amp;nbsp; &amp;nbsp; &amp;nbsp; &amp;nbsp; grid-template-columns: 1fr;&lt;/p&gt;\r\n&lt;p&gt;&amp;nbsp; &amp;nbsp; &amp;nbsp; &amp;nbsp; &amp;nbsp; &amp;nbsp; &amp;nbsp; &amp;nbsp; padding: 0 1.5rem;&lt;/p&gt;\r\n&lt;p&gt;&amp;nbsp; &amp;nbsp; &amp;nbsp; &amp;nbsp; &amp;nbsp; &amp;nbsp; }&lt;/p&gt;\r\n&lt;p&gt;&amp;nbsp; &amp;nbsp; &amp;nbsp; &amp;nbsp; &amp;nbsp; &amp;nbsp;&amp;nbsp;&lt;/p&gt;\r\n&lt;p&gt;&amp;nbsp; &amp;nbsp; &amp;nbsp; &amp;nbsp; &amp;nbsp; &amp;nbsp; .lesson {&lt;/p&gt;\r\n&lt;p&gt;&amp;nbsp; &amp;nbsp; &amp;nbsp; &amp;nbsp; &amp;nbsp; &amp;nbsp; &amp;nbsp; &amp;nbsp; position: static;&lt;/p&gt;\r\n&lt;p&gt;&amp;nbsp; &amp;nbsp; &amp;nbsp; &amp;nbsp; &amp;nbsp; &amp;nbsp; &amp;nbsp; &amp;nbsp; max-height: none;&lt;/p&gt;\r\n&lt;p&gt;&amp;nbsp; &amp;nbsp; &amp;nbsp; &amp;nbsp; &amp;nbsp; &amp;nbsp; }&lt;/p&gt;\r\n&lt;p&gt;&amp;nbsp; &amp;nbsp; &amp;nbsp; &amp;nbsp; &amp;nbsp; &amp;nbsp;&amp;nbsp;&lt;/p&gt;\r\n&lt;p&gt;&amp;nbsp; &amp;nbsp; &amp;nbsp; &amp;nbsp; &amp;nbsp; &amp;nbsp; #courseName, .lesson-content {&lt;/p&gt;\r\n&lt;p&gt;&amp;nbsp; &amp;nbsp; &amp;nbsp; &amp;nbsp; &amp;nbsp; &amp;nbsp; &amp;nbsp; &amp;nbsp; padding: 0 1.5rem;&lt;/p&gt;\r\n&lt;p&gt;&amp;nbsp; &amp;nbsp; &amp;nbsp; &amp;nbsp; &amp;nbsp; &amp;nbsp; }&lt;/p&gt;\r\n&lt;p&gt;&amp;nbsp; &amp;nbsp; &amp;nbsp; &amp;nbsp; &amp;nbsp; &amp;nbsp;&amp;nbsp;&lt;/p&gt;\r\n&lt;p&gt;&amp;nbsp; &amp;nbsp; &amp;nbsp; &amp;nbsp; &amp;nbsp; &amp;nbsp; .attachment-list {&lt;/p&gt;\r\n&lt;p&gt;&amp;nbsp; &amp;nbsp; &amp;nbsp; &amp;nbsp; &amp;nbsp; &amp;nbsp; &amp;nbsp; &amp;nbsp; grid-template-columns: 1fr;&lt;/p&gt;\r\n&lt;p&gt;&amp;nbsp; &amp;nbsp; &amp;nbsp; &amp;nbsp; &amp;nbsp; &amp;nbsp; }&lt;/p&gt;\r\n&lt;p&gt;&amp;nbsp; &amp;nbsp; &amp;nbsp; &amp;nbsp; }&lt;/p&gt;\r\n&lt;p&gt;&amp;nbsp; &amp;nbsp; &amp;lt;/style&amp;gt;&lt;/p&gt;\r\n&lt;p&gt;&amp;lt;/head&amp;gt;&lt;/p&gt;\r\n&lt;p&gt;&amp;lt;body&amp;gt;&lt;/p&gt;\r\n&lt;p&gt;&amp;nbsp; &amp;nbsp; &amp;lt;div class=&quot;nav&quot;&amp;gt;&lt;/p&gt;\r\n&lt;p&gt;&amp;nbsp; &amp;nbsp; &amp;nbsp; &amp;nbsp; &amp;lt;h2&amp;gt;&amp;lt;a href=&quot;../index.php&quot;&amp;gt;CodeKids&amp;lt;/a&amp;gt;&amp;lt;/h2&amp;gt;&lt;/p&gt;\r\n&lt;p&gt;&amp;nbsp; &amp;nbsp; &amp;nbsp; &amp;nbsp; &amp;lt;div&amp;gt;&lt;/p&gt;\r\n&lt;p&gt;&amp;nbsp; &amp;nbsp; &amp;nbsp; &amp;nbsp; &amp;nbsp; &amp;nbsp; &amp;lt;a class=&quot;myCourse&quot; href=&quot;./myCourses.php&quot;&amp;gt;&lt;/p&gt;\r\n&lt;p&gt;&amp;nbsp; &amp;nbsp; &amp;nbsp; &amp;nbsp; &amp;nbsp; &amp;nbsp; &amp;nbsp; &amp;nbsp; &amp;lt;i class=&quot;fas fa-arrow-left&quot;&amp;gt;&amp;lt;/i&amp;gt; My Courses&lt;/p&gt;\r\n&lt;p&gt;&amp;nbsp; &amp;nbsp; &amp;nbsp; &amp;nbsp; &amp;nbsp; &amp;nbsp; &amp;lt;/a&amp;gt;&lt;/p&gt;\r\n&lt;p&gt;&amp;nbsp; &amp;nbsp; &amp;nbsp; &amp;nbsp; &amp;lt;/div&amp;gt;&lt;/p&gt;\r\n&lt;p&gt;&amp;nbsp; &amp;nbsp; &amp;lt;/div&amp;gt;&lt;/p&gt;\r\n&lt;p&gt;&amp;nbsp; &amp;nbsp;&amp;nbsp;&lt;/p&gt;\r\n&lt;p&gt;&amp;nbsp; &amp;nbsp; &amp;lt;div id=&quot;courseName&quot;&amp;gt;&lt;/p&gt;\r\n&lt;p&gt;&amp;nbsp; &amp;nbsp; &amp;nbsp; &amp;nbsp; &amp;lt;?php if(!empty($course)): ?&amp;gt;&lt;/p&gt;\r\n&lt;p&gt;&amp;nbsp; &amp;nbsp; &amp;nbsp; &amp;nbsp; &amp;nbsp; &amp;nbsp; &amp;lt;h2&amp;gt;&amp;lt;?php echo htmlspecialchars($course[&#039;course_name&#039;]); ?&amp;gt;&amp;lt;/h2&amp;gt;&lt;/p&gt;\r\n&lt;p&gt;&amp;nbsp; &amp;nbsp; &amp;nbsp; &amp;nbsp; &amp;nbsp; &amp;nbsp; &amp;lt;div class=&quot;course-progress&quot;&amp;gt;&lt;/p&gt;\r\n&lt;p&gt;&amp;nbsp; &amp;nbsp; &amp;nbsp; &amp;nbsp; &amp;nbsp; &amp;nbsp; &amp;nbsp; &amp;nbsp; &amp;lt;div class=&quot;progress-bar&quot; style=&quot;width: &amp;lt;?php echo rand(30, 90); ?&amp;gt;%&quot;&amp;gt;&amp;lt;/div&amp;gt;&lt;/p&gt;\r\n&lt;p&gt;&amp;nbsp; &amp;nbsp; &amp;nbsp; &amp;nbsp; &amp;nbsp; &amp;nbsp; &amp;lt;/div&amp;gt;&lt;/p&gt;\r\n&lt;p&gt;&amp;nbsp; &amp;nbsp; &amp;nbsp; &amp;nbsp; &amp;lt;?php endif; ?&amp;gt;&lt;/p&gt;\r\n&lt;p&gt;&amp;nbsp; &amp;nbsp; &amp;lt;/div&amp;gt;&lt;/p&gt;\r\n&lt;p&gt;&amp;nbsp; &amp;nbsp;&lt;/p&gt;\r\n&lt;p&gt;&amp;nbsp; &amp;nbsp; &amp;lt;div class=&quot;container&quot;&amp;gt;&lt;/p&gt;\r\n&lt;p&gt;&amp;nbsp; &amp;nbsp; &amp;nbsp; &amp;nbsp; &amp;lt;div class=&quot;main-content&quot;&amp;gt;&lt;/p&gt;\r\n&lt;p&gt;&amp;nbsp; &amp;nbsp; &amp;nbsp; &amp;nbsp; &amp;nbsp; &amp;nbsp; &amp;lt;?php if(!empty($current_lesson)): ?&amp;gt;&lt;/p&gt;\r\n&lt;p&gt;&amp;nbsp; &amp;nbsp; &amp;nbsp; &amp;nbsp; &amp;nbsp; &amp;nbsp; &amp;nbsp; &amp;nbsp; &amp;lt;!-- Video Player Section --&amp;gt;&lt;/p&gt;\r\n&lt;p&gt;&amp;nbsp; &amp;nbsp; &amp;nbsp; &amp;nbsp; &amp;nbsp; &amp;nbsp; &amp;nbsp; &amp;nbsp; &amp;lt;div class=&quot;player-container&quot;&amp;gt;&lt;/p&gt;\r\n&lt;p&gt;&amp;nbsp; &amp;nbsp; &amp;nbsp; &amp;nbsp; &amp;nbsp; &amp;nbsp; &amp;nbsp; &amp;nbsp; &amp;nbsp; &amp;nbsp; &amp;lt;?php if(!empty($current_lesson[&#039;lesson_link&#039;])): ?&amp;gt;&lt;/p&gt;\r\n&lt;p&gt;&amp;nbsp; &amp;nbsp; &amp;nbsp; &amp;nbsp; &amp;nbsp; &amp;nbsp; &amp;nbsp; &amp;nbsp; &amp;nbsp; &amp;nbsp; &amp;nbsp; &amp;nbsp; &amp;lt;video&lt;/p&gt;\r\n&lt;p&gt;&amp;nbsp; &amp;nbsp; &amp;nbsp; &amp;nbsp; &amp;nbsp; &amp;nbsp; &amp;nbsp; &amp;nbsp; &amp;nbsp; &amp;nbsp; &amp;nbsp; &amp;nbsp; &amp;nbsp; &amp;nbsp; id=&quot;lesson-video&quot;&lt;/p&gt;\r\n&lt;p&gt;&amp;nbsp; &amp;nbsp; &amp;nbsp; &amp;nbsp; &amp;nbsp; &amp;nbsp; &amp;nbsp; &amp;nbsp; &amp;nbsp; &amp;nbsp; &amp;nbsp; &amp;nbsp; &amp;nbsp; &amp;nbsp; class=&quot;video-js vjs-big-play-centered&quot;&lt;/p&gt;\r\n&lt;p&gt;&amp;nbsp; &amp;nbsp; &amp;nbsp; &amp;nbsp; &amp;nbsp; &amp;nbsp; &amp;nbsp; &amp;nbsp; &amp;nbsp; &amp;nbsp; &amp;nbsp; &amp;nbsp; &amp;nbsp; &amp;nbsp; controls&lt;/p&gt;\r\n&lt;p&gt;&amp;nbsp; &amp;nbsp; &amp;nbsp; &amp;nbsp; &amp;nbsp; &amp;nbsp; &amp;nbsp; &amp;nbsp; &amp;nbsp; &amp;nbsp; &amp;nbsp; &amp;nbsp; &amp;nbsp; &amp;nbsp; preload=&quot;auto&quot;&lt;/p&gt;\r\n&lt;p&gt;&amp;nbsp; &amp;nbsp; &amp;nbsp; &amp;nbsp; &amp;nbsp; &amp;nbsp; &amp;nbsp; &amp;nbsp; &amp;nbsp; &amp;nbsp; &amp;nbsp; &amp;nbsp; &amp;nbsp; &amp;nbsp; data-setup=&#039;{&quot;controls&quot;: true, &quot;autoplay&quot;: false, &quot;preload&quot;: &quot;auto&quot;}&#039;&lt;/p&gt;\r\n&lt;p&gt;&amp;nbsp; &amp;nbsp; &amp;nbsp; &amp;nbsp; &amp;nbsp; &amp;nbsp; &amp;nbsp; &amp;nbsp; &amp;nbsp; &amp;nbsp; &amp;nbsp; &amp;nbsp; &amp;gt;&lt;/p&gt;\r\n&lt;p&gt;&amp;nbsp; &amp;nbsp; &amp;nbsp; &amp;nbsp; &amp;nbsp; &amp;nbsp; &amp;nbsp; &amp;nbsp; &amp;nbsp; &amp;nbsp; &amp;nbsp; &amp;nbsp; &amp;nbsp; &amp;nbsp; &amp;lt;source src=&quot;&amp;lt;?php echo htmlspecialchars($current_lesson[&#039;lesson_link&#039;]); ?&amp;gt;&quot; type=&quot;video/mp4&quot;&amp;gt;&lt;/p&gt;\r\n&lt;p&gt;&amp;nbsp; &amp;nbsp; &amp;nbsp; &amp;nbsp; &amp;nbsp; &amp;nbsp; &amp;nbsp; &amp;nbsp; &amp;nbsp; &amp;nbsp; &amp;nbsp; &amp;nbsp; &amp;nbsp; &amp;nbsp; &amp;lt;p class=&quot;vjs-no-js&quot;&amp;gt;&lt;/p&gt;\r\n&lt;p&gt;&amp;nbsp; &amp;nbsp; &amp;nbsp; &amp;nbsp; &amp;nbsp; &amp;nbsp; &amp;nbsp; &amp;nbsp; &amp;nbsp; &amp;nbsp; &amp;nbsp; &amp;nbsp; &amp;nbsp; &amp;nbsp; &amp;nbsp; &amp;nbsp; To view this video please enable JavaScript, and consider upgrading to a&lt;/p&gt;\r\n&lt;p&gt;&amp;nbsp; &amp;nbsp; &amp;nbsp; &amp;nbsp; &amp;nbsp; &amp;nbsp; &amp;nbsp; &amp;nbsp; &amp;nbsp; &amp;nbsp; &amp;nbsp; &amp;nbsp; &amp;nbsp; &amp;nbsp; &amp;nbsp; &amp;nbsp; web browser that &amp;lt;a href=&quot;https://videojs.com/html5-video-support/&quot; target=&quot;_blank&quot;&amp;gt;supports HTML5 video&amp;lt;/a&amp;gt;&lt;/p&gt;\r\n&lt;p&gt;&amp;nbsp; &amp;nbsp; &amp;nbsp; &amp;nbsp; &amp;nbsp; &amp;nbsp; &amp;nbsp; &amp;nbsp; &amp;nbsp; &amp;nbsp; &amp;nbsp; &amp;nbsp; &amp;nbsp; &amp;nbsp; &amp;lt;/p&amp;gt;&lt;/p&gt;\r\n&lt;p&gt;&amp;nbsp; &amp;nbsp; &amp;nbsp; &amp;nbsp; &amp;nbsp; &amp;nbsp; &amp;nbsp; &amp;nbsp; &amp;nbsp; &amp;nbsp; &amp;nbsp; &amp;nbsp; &amp;lt;/video&amp;gt;&lt;/p&gt;\r\n&lt;p&gt;&amp;nbsp; &amp;nbsp; &amp;nbsp; &amp;nbsp; &amp;nbsp; &amp;nbsp; &amp;nbsp; &amp;nbsp; &amp;nbsp; &amp;nbsp; &amp;lt;?php else: ?&amp;gt;&lt;/p&gt;\r\n&lt;p&gt;&amp;nbsp; &amp;nbsp; &amp;nbsp; &amp;nbsp; &amp;nbsp; &amp;nbsp; &amp;nbsp; &amp;nbsp; &amp;nbsp; &amp;nbsp; &amp;nbsp; &amp;nbsp; &amp;lt;div style=&quot;padding: 2rem; text-align: center;&quot;&amp;gt;&lt;/p&gt;\r\n&lt;p&gt;&amp;nbsp; &amp;nbsp; &amp;nbsp; &amp;nbsp; &amp;nbsp; &amp;nbsp; &amp;nbsp; &amp;nbsp; &amp;nbsp; &amp;nbsp; &amp;nbsp; &amp;nbsp; &amp;nbsp; &amp;nbsp; &amp;lt;i class=&quot;fas fa-video-slash&quot; style=&quot;font-size: 3rem; color: var(--color-bg2); margin-bottom: 1rem;&quot;&amp;gt;&amp;lt;/i&amp;gt;&lt;/p&gt;\r\n&lt;p&gt;&amp;nbsp; &amp;nbsp; &amp;nbsp; &amp;nbsp; &amp;nbsp; &amp;nbsp; &amp;nbsp; &amp;nbsp; &amp;nbsp; &amp;nbsp; &amp;nbsp; &amp;nbsp; &amp;nbsp; &amp;nbsp; &amp;lt;h3&amp;gt;No video available for this lesson&amp;lt;/h3&amp;gt;&lt;/p&gt;\r\n&lt;p&gt;&amp;nbsp; &amp;nbsp; &amp;nbsp; &amp;nbsp; &amp;nbsp; &amp;nbsp; &amp;nbsp; &amp;nbsp; &amp;nbsp; &amp;nbsp; &amp;nbsp; &amp;nbsp; &amp;lt;/div&amp;gt;&lt;/p&gt;\r\n&lt;p&gt;&amp;nbsp; &amp;nbsp; &amp;nbsp; &amp;nbsp; &amp;nbsp; &amp;nbsp; &amp;nbsp; &amp;nbsp; &amp;nbsp; &amp;nbsp; &amp;lt;?php endif; ?&amp;gt;&lt;/p&gt;\r\n&lt;p&gt;&amp;nbsp; &amp;nbsp; &amp;nbsp; &amp;nbsp; &amp;nbsp; &amp;nbsp; &amp;nbsp; &amp;nbsp; &amp;nbsp; &amp;nbsp;&amp;nbsp;&lt;/p&gt;\r\n&lt;p&gt;&amp;nbsp; &amp;nbsp; &amp;nbsp; &amp;nbsp; &amp;nbsp; &amp;nbsp; &amp;nbsp; &amp;nbsp; &amp;nbsp; &amp;nbsp; &amp;lt;div class=&quot;video-meta&quot;&amp;gt;&lt;/p&gt;\r\n&lt;p&gt;&amp;nbsp; &amp;nbsp; &amp;nbsp; &amp;nbsp; &amp;nbsp; &amp;nbsp; &amp;nbsp; &amp;nbsp; &amp;nbsp; &amp;nbsp; &amp;nbsp; &amp;nbsp; &amp;lt;h1&amp;gt;&amp;lt;?php echo htmlspecialchars($current_lesson[&#039;lesson_name&#039;]); ?&amp;gt;&amp;lt;/h1&amp;gt;&lt;/p&gt;\r\n&lt;p&gt;&amp;nbsp; &amp;nbsp; &amp;nbsp; &amp;nbsp; &amp;nbsp; &amp;nbsp; &amp;nbsp; &amp;nbsp; &amp;nbsp; &amp;nbsp; &amp;nbsp; &amp;nbsp;&amp;nbsp;&lt;/p&gt;\r\n&lt;p&gt;&amp;nbsp; &amp;nbsp; &amp;nbsp; &amp;nbsp; &amp;nbsp; &amp;nbsp; &amp;nbsp; &amp;nbsp; &amp;nbsp; &amp;nbsp; &amp;nbsp; &amp;nbsp; &amp;lt;?php if(!empty($current_lesson[&#039;lesson_duration&#039;])): ?&amp;gt;&lt;/p&gt;\r\n&lt;p&gt;&amp;nbsp; &amp;nbsp; &amp;nbsp; &amp;nbsp; &amp;nbsp; &amp;nbsp; &amp;nbsp; &amp;nbsp; &amp;nbsp; &amp;nbsp; &amp;nbsp; &amp;nbsp; &amp;nbsp; &amp;nbsp; &amp;lt;div class=&quot;meta-item&quot;&amp;gt;&lt;/p&gt;\r\n&lt;p&gt;&amp;nbsp; &amp;nbsp; &amp;nbsp; &amp;nbsp; &amp;nbsp; &amp;nbsp; &amp;nbsp; &amp;nbsp; &amp;nbsp; &amp;nbsp; &amp;nbsp; &amp;nbsp; &amp;nbsp; &amp;nbsp; &amp;nbsp; &amp;nbsp; &amp;lt;i class=&quot;fas fa-clock&quot;&amp;gt;&amp;lt;/i&amp;gt;&lt;/p&gt;\r\n&lt;p&gt;&amp;nbsp; &amp;nbsp; &amp;nbsp; &amp;nbsp; &amp;nbsp; &amp;nbsp; &amp;nbsp; &amp;nbsp; &amp;nbsp; &amp;nbsp; &amp;nbsp; &amp;nbsp; &amp;nbsp; &amp;nbsp; &amp;nbsp; &amp;nbsp; &amp;lt;span&amp;gt;&lt;/p&gt;\r\n&lt;p&gt;&amp;nbsp; &amp;nbsp; &amp;nbsp; &amp;nbsp; &amp;nbsp; &amp;nbsp; &amp;nbsp; &amp;nbsp; &amp;nbsp; &amp;nbsp; &amp;nbsp; &amp;nbsp; &amp;nbsp; &amp;nbsp; &amp;nbsp; &amp;nbsp; &amp;nbsp; &amp;nbsp; &amp;lt;?php&amp;nbsp;&lt;/p&gt;\r\n&lt;p&gt;&amp;nbsp; &amp;nbsp; &amp;nbsp; &amp;nbsp; &amp;nbsp; &amp;nbsp; &amp;nbsp; &amp;nbsp; &amp;nbsp; &amp;nbsp; &amp;nbsp; &amp;nbsp; &amp;nbsp; &amp;nbsp; &amp;nbsp; &amp;nbsp; &amp;nbsp; &amp;nbsp; $duration = $current_lesson[&#039;lesson_duration&#039;];&lt;/p&gt;\r\n&lt;p&gt;&amp;nbsp; &amp;nbsp; &amp;nbsp; &amp;nbsp; &amp;nbsp; &amp;nbsp; &amp;nbsp; &amp;nbsp; &amp;nbsp; &amp;nbsp; &amp;nbsp; &amp;nbsp; &amp;nbsp; &amp;nbsp; &amp;nbsp; &amp;nbsp; &amp;nbsp; &amp;nbsp; echo floor($duration / 60) . &#039;m &#039; . ($duration % 60) . &#039;s&#039;;&lt;/p&gt;\r\n&lt;p&gt;&amp;nbsp; &amp;nbsp; &amp;nbsp; &amp;nbsp; &amp;nbsp; &amp;nbsp; &amp;nbsp; &amp;nbsp; &amp;nbsp; &amp;nbsp; &amp;nbsp; &amp;nbsp; &amp;nbsp; &amp;nbsp; &amp;nbsp; &amp;nbsp; &amp;nbsp; &amp;nbsp; ?&amp;gt;&lt;/p&gt;\r\n&lt;p&gt;&amp;nbsp; &amp;nbsp; &amp;nbsp; &amp;nbsp; &amp;nbsp; &amp;nbsp; &amp;nbsp; &amp;nbsp; &amp;nbsp; &amp;nbsp; &amp;nbsp; &amp;nbsp; &amp;nbsp; &amp;nbsp; &amp;nbsp; &amp;nbsp; &amp;lt;/span&amp;gt;&lt;/p&gt;\r\n&lt;p&gt;&amp;nbsp; &amp;nbsp; &amp;nbsp; &amp;nbsp; &amp;nbsp; &amp;nbsp; &amp;nbsp; &amp;nbsp; &amp;nbsp; &amp;nbsp; &amp;nbsp; &amp;nbsp; &amp;nbsp; &amp;nbsp; &amp;lt;/div&amp;gt;&lt;/p&gt;\r\n&lt;p&gt;&amp;nbsp; &amp;nbsp; &amp;nbsp; &amp;nbsp; &amp;nbsp; &amp;nbsp; &amp;nbsp; &amp;nbsp; &amp;nbsp; &amp;nbsp; &amp;nbsp; &amp;nbsp; &amp;lt;?php endif; ?&amp;gt;&lt;/p&gt;\r\n&lt;p&gt;&amp;nbsp; &amp;nbsp; &amp;nbsp; &amp;nbsp; &amp;nbsp; &amp;nbsp; &amp;nbsp; &amp;nbsp; &amp;nbsp; &amp;nbsp; &amp;nbsp; &amp;nbsp;&amp;nbsp;&lt;/p&gt;\r\n&lt;p&gt;&amp;nbsp; &amp;nbsp; &amp;nbsp; &amp;nbsp; &amp;nbsp; &amp;nbsp; &amp;nbsp; &amp;nbsp; &amp;nbsp; &amp;nbsp; &amp;nbsp; &amp;nbsp; &amp;lt;?php if(!empty($current_lesson[&#039;lesson_desc&#039;])): ?&amp;gt;&lt;/p&gt;\r\n&lt;p&gt;&amp;nbsp; &amp;nbsp; &amp;nbsp; &amp;nbsp; &amp;nbsp; &amp;nbsp; &amp;nbsp; &amp;nbsp; &amp;nbsp; &amp;nbsp; &amp;nbsp; &amp;nbsp; &amp;nbsp; &amp;nbsp; &amp;lt;div class=&quot;meta-item&quot;&amp;gt;&lt;/p&gt;\r\n&lt;p&gt;&amp;nbsp; &amp;nbsp; &amp;nbsp; &amp;nbsp; &amp;nbsp; &amp;nbsp; &amp;nbsp; &amp;nbsp; &amp;nbsp; &amp;nbsp; &amp;nbsp; &amp;nbsp; &amp;nbsp; &amp;nbsp; &amp;nbsp; &amp;nbsp; &amp;lt;i class=&quot;fas fa-info-circle&quot;&amp;gt;&amp;lt;/i&amp;gt;&lt;/p&gt;\r\n&lt;p&gt;&amp;nbsp; &amp;nbsp; &amp;nbsp; &amp;nbsp; &amp;nbsp; &amp;nbsp; &amp;nbsp; &amp;nbsp; &amp;nbsp; &amp;nbsp; &amp;nbsp; &amp;nbsp; &amp;nbsp; &amp;nbsp; &amp;nbsp; &amp;nbsp; &amp;lt;span&amp;gt;&amp;lt;?php echo htmlspecialchars($current_lesson[&#039;lesson_desc&#039;]); ?&amp;gt;&amp;lt;/span&amp;gt;&lt;/p&gt;\r\n&lt;p&gt;&amp;nbsp; &amp;nbsp; &amp;nbsp; &amp;nbsp; &amp;nbsp; &amp;nbsp; &amp;nbsp; &amp;nbsp; &amp;nbsp; &amp;nbsp; &amp;nbsp; &amp;nbsp; &amp;nbsp; &amp;nbsp; &amp;lt;/div&amp;gt;&lt;/p&gt;\r\n&lt;p&gt;&amp;nbsp; &amp;nbsp; &amp;nbsp; &amp;nbsp; &amp;nbsp; &amp;nbsp; &amp;nbsp; &amp;nbsp; &amp;nbsp; &amp;nbsp; &amp;nbsp; &amp;nbsp; &amp;lt;?php endif; ?&amp;gt;&lt;/p&gt;\r\n&lt;p&gt;&amp;nbsp; &amp;nbsp; &amp;nbsp; &amp;nbsp; &amp;nbsp; &amp;nbsp; &amp;nbsp; &amp;nbsp; &amp;nbsp; &amp;nbsp; &amp;lt;/div&amp;gt;&lt;/p&gt;\r\n&lt;p&gt;&amp;nbsp; &amp;nbsp; &amp;nbsp; &amp;nbsp; &amp;nbsp; &amp;nbsp; &amp;nbsp; &amp;nbsp; &amp;lt;/div&amp;gt;&lt;/p&gt;\r\n&lt;p&gt;&amp;nbsp; &amp;nbsp; &amp;nbsp; &amp;nbsp; &amp;nbsp; &amp;nbsp; &amp;nbsp; &amp;nbsp;&amp;nbsp;&lt;/p&gt;\r\n&lt;p&gt;&amp;nbsp; &amp;nbsp; &amp;nbsp; &amp;nbsp; &amp;nbsp; &amp;nbsp; &amp;nbsp; &amp;nbsp; &amp;lt;!-- Lesson Content Section --&amp;gt;&lt;/p&gt;\r\n&lt;p&gt;&amp;nbsp; &amp;nbsp; &amp;nbsp; &amp;nbsp; &amp;nbsp; &amp;nbsp; &amp;nbsp; &amp;nbsp; &amp;lt;div class=&quot;lesson-content&quot;&amp;gt;&lt;/p&gt;\r\n&lt;p&gt;&amp;nbsp; &amp;nbsp; &amp;nbsp; &amp;nbsp; &amp;nbsp; &amp;nbsp; &amp;nbsp; &amp;nbsp; &amp;nbsp; &amp;nbsp; &amp;lt;div class=&quot;lesson-content-container&quot;&amp;gt;&lt;/p&gt;\r\n&lt;p&gt;&amp;nbsp; &amp;nbsp; &amp;nbsp; &amp;nbsp; &amp;nbsp; &amp;nbsp; &amp;nbsp; &amp;nbsp; &amp;nbsp; &amp;nbsp; &amp;nbsp; &amp;nbsp; &amp;lt;?php if(!empty($current_lesson[&#039;lesson_content&#039;])): ?&amp;gt;&lt;/p&gt;\r\n&lt;p&gt;&amp;nbsp; &amp;nbsp; &amp;nbsp; &amp;nbsp; &amp;nbsp; &amp;nbsp; &amp;nbsp; &amp;nbsp; &amp;nbsp; &amp;nbsp; &amp;nbsp; &amp;nbsp; &amp;nbsp; &amp;nbsp; &amp;lt;div class=&quot;content-section&quot;&amp;gt;&lt;/p&gt;\r\n&lt;p&gt;&amp;nbsp; &amp;nbsp; &amp;nbsp; &amp;nbsp; &amp;nbsp; &amp;nbsp; &amp;nbsp; &amp;nbsp; &amp;nbsp; &amp;nbsp; &amp;nbsp; &amp;nbsp; &amp;nbsp; &amp;nbsp; &amp;nbsp; &amp;nbsp; &amp;lt;h2&amp;gt;&amp;lt;i class=&quot;fas fa-book-open&quot;&amp;gt;&amp;lt;/i&amp;gt; Lesson Content&amp;lt;/h2&amp;gt;&lt;/p&gt;\r\n&lt;p&gt;&amp;nbsp; &amp;nbsp; &amp;nbsp; &amp;nbsp; &amp;nbsp; &amp;nbsp; &amp;nbsp; &amp;nbsp; &amp;nbsp; &amp;nbsp; &amp;nbsp; &amp;nbsp; &amp;nbsp; &amp;nbsp; &amp;nbsp; &amp;nbsp; &amp;lt;div class=&quot;lesson-html-content&quot;&amp;gt;&lt;/p&gt;\r\n&lt;p&gt;&amp;nbsp; &amp;nbsp; &amp;nbsp; &amp;nbsp; &amp;nbsp; &amp;nbsp; &amp;nbsp; &amp;nbsp; &amp;nbsp; &amp;nbsp; &amp;nbsp; &amp;nbsp; &amp;nbsp; &amp;nbsp; &amp;nbsp; &amp;nbsp; &amp;nbsp; &amp;nbsp; &amp;lt;?php echo $current_lesson[&#039;lesson_content&#039;]; ?&amp;gt;&lt;/p&gt;\r\n&lt;p&gt;&amp;nbsp; &amp;nbsp; &amp;nbsp; &amp;nbsp; &amp;nbsp; &amp;nbsp; &amp;nbsp; &amp;nbsp; &amp;nbsp; &amp;nbsp; &amp;nbsp; &amp;nbsp; &amp;nbsp; &amp;nbsp; &amp;nbsp; &amp;nbsp; &amp;lt;/div&amp;gt;&lt;/p&gt;\r\n&lt;p&gt;&amp;nbsp; &amp;nbsp; &amp;nbsp; &amp;nbsp; &amp;nbsp; &amp;nbsp; &amp;nbsp; &amp;nbsp; &amp;nbsp; &amp;nbsp; &amp;nbsp; &amp;nbsp; &amp;nbsp; &amp;nbsp; &amp;lt;/div&amp;gt;&lt;/p&gt;\r\n&lt;p&gt;&amp;nbsp; &amp;nbsp; &amp;nbsp; &amp;nbsp; &amp;nbsp; &amp;nbsp; &amp;nbsp; &amp;nbsp; &amp;nbsp; &amp;nbsp; &amp;nbsp; &amp;nbsp; &amp;lt;?php endif; ?&amp;gt;&lt;/p&gt;\r\n&lt;p&gt;&amp;nbsp; &amp;nbsp; &amp;nbsp; &amp;nbsp; &amp;nbsp; &amp;nbsp; &amp;nbsp; &amp;nbsp; &amp;nbsp; &amp;nbsp; &amp;nbsp; &amp;nbsp;&amp;nbsp;&lt;/p&gt;\r\n&lt;p&gt;&amp;nbsp; &amp;nbsp; &amp;nbsp; &amp;nbsp; &amp;nbsp; &amp;nbsp; &amp;nbsp; &amp;nbsp; &amp;nbsp; &amp;nbsp; &amp;nbsp; &amp;nbsp; &amp;lt;?php if(!empty($current_lesson[&#039;lesson_thumbnail&#039;])): ?&amp;gt;&lt;/p&gt;\r\n&lt;p&gt;&amp;nbsp; &amp;nbsp; &amp;nbsp; &amp;nbsp; &amp;nbsp; &amp;nbsp; &amp;nbsp; &amp;nbsp; &amp;nbsp; &amp;nbsp; &amp;nbsp; &amp;nbsp; &amp;nbsp; &amp;nbsp; &amp;lt;div class=&quot;content-section&quot;&amp;gt;&lt;/p&gt;\r\n&lt;p&gt;&amp;nbsp; &amp;nbsp; &amp;nbsp; &amp;nbsp; &amp;nbsp; &amp;nbsp; &amp;nbsp; &amp;nbsp; &amp;nbsp; &amp;nbsp; &amp;nbsp; &amp;nbsp; &amp;nbsp; &amp;nbsp; &amp;nbsp; &amp;nbsp; &amp;lt;h2&amp;gt;&amp;lt;i class=&quot;fas fa-image&quot;&amp;gt;&amp;lt;/i&amp;gt; Lesson Thumbnail&amp;lt;/h2&amp;gt;&lt;/p&gt;\r\n&lt;p&gt;&amp;nbsp; &amp;nbsp; &amp;nbsp; &amp;nbsp; &amp;nbsp; &amp;nbsp; &amp;nbsp; &amp;nbsp; &amp;nbsp; &amp;nbsp; &amp;nbsp; &amp;nbsp; &amp;nbsp; &amp;nbsp; &amp;nbsp; &amp;nbsp; &amp;lt;img src=&quot;&amp;lt;?php echo htmlspecialchars($current_lesson[&#039;lesson_thumbnail&#039;]); ?&amp;gt;&quot; alt=&quot;Lesson thumbnail&quot;&amp;gt;&lt;/p&gt;\r\n&lt;p&gt;&amp;nbsp; &amp;nbsp; &amp;nbsp; &amp;nbsp; &amp;nbsp; &amp;nbsp; &amp;nbsp; &amp;nbsp; &amp;nbsp; &amp;nbsp; &amp;nbsp; &amp;nbsp; &amp;nbsp; &amp;nbsp; &amp;lt;/div&amp;gt;&lt;/p&gt;\r\n&lt;p&gt;&amp;nbsp; &amp;nbsp; &amp;nbsp; &amp;nbsp; &amp;nbsp; &amp;nbsp; &amp;nbsp; &amp;nbsp; &amp;nbsp; &amp;nbsp; &amp;nbsp; &amp;nbsp; &amp;lt;?php endif; ?&amp;gt;&lt;/p&gt;\r\n&lt;p&gt;&amp;nbsp; &amp;nbsp; &amp;nbsp; &amp;nbsp; &amp;nbsp; &amp;nbsp; &amp;nbsp; &amp;nbsp; &amp;nbsp; &amp;nbsp; &amp;nbsp; &amp;nbsp;&amp;nbsp;&lt;/p&gt;\r\n&lt;p&gt;&amp;nbsp; &amp;nbsp; &amp;nbsp; &amp;nbsp; &amp;nbsp; &amp;nbsp; &amp;nbsp; &amp;nbsp; &amp;nbsp; &amp;nbsp; &amp;nbsp; &amp;nbsp; &amp;lt;?php if(!empty($current_lesson[&#039;attachments&#039;])): ?&amp;gt;&lt;/p&gt;\r\n&lt;p&gt;&amp;nbsp; &amp;nbsp; &amp;nbsp; &amp;nbsp; &amp;nbsp; &amp;nbsp; &amp;nbsp; &amp;nbsp; &amp;nbsp; &amp;nbsp; &amp;nbsp; &amp;nbsp; &amp;nbsp; &amp;nbsp; &amp;lt;div class=&quot;attachments&quot;&amp;gt;&lt;/p&gt;\r\n&lt;p&gt;&amp;nbsp; &amp;nbsp; &amp;nbsp; &amp;nbsp; &amp;nbsp; &amp;nbsp; &amp;nbsp; &amp;nbsp; &amp;nbsp; &amp;nbsp; &amp;nbsp; &amp;nbsp; &amp;nbsp; &amp;nbsp; &amp;nbsp; &amp;nbsp; &amp;lt;h3&amp;gt;&amp;lt;i class=&quot;fas fa-paperclip&quot;&amp;gt;&amp;lt;/i&amp;gt; Lesson Attachments&amp;lt;/h3&amp;gt;&lt;/p&gt;\r\n&lt;p&gt;&amp;nbsp; &amp;nbsp; &amp;nbsp; &amp;nbsp; &amp;nbsp; &amp;nbsp; &amp;nbsp; &amp;nbsp; &amp;nbsp; &amp;nbsp; &amp;nbsp; &amp;nbsp; &amp;nbsp; &amp;nbsp; &amp;nbsp; &amp;nbsp; &amp;lt;div class=&quot;attachment-list&quot;&amp;gt;&lt;/p&gt;\r\n&lt;p&gt;&amp;nbsp; &amp;nbsp; &amp;nbsp; &amp;nbsp; &amp;nbsp; &amp;nbsp; &amp;nbsp; &amp;nbsp; &amp;nbsp; &amp;nbsp; &amp;nbsp; &amp;nbsp; &amp;nbsp; &amp;nbsp; &amp;nbsp; &amp;nbsp; &amp;nbsp; &amp;nbsp; &amp;lt;?php foreach($current_lesson[&#039;attachments&#039;] as $attachment):&amp;nbsp;&lt;/p&gt;\r\n&lt;p&gt;&amp;nbsp; &amp;nbsp; &amp;nbsp; &amp;nbsp; &amp;nbsp; &amp;nbsp; &amp;nbsp; &amp;nbsp; &amp;nbsp; &amp;nbsp; &amp;nbsp; &amp;nbsp; &amp;nbsp; &amp;nbsp; &amp;nbsp; &amp;nbsp; &amp;nbsp; &amp;nbsp; &amp;nbsp; &amp;nbsp; $icon = &#039;fa-file&#039;;&lt;/p&gt;\r\n&lt;p&gt;&amp;nbsp; &amp;nbsp; &amp;nbsp; &amp;nbsp; &amp;nbsp; &amp;nbsp; &amp;nbsp; &amp;nbsp; &amp;nbsp; &amp;nbsp; &amp;nbsp; &amp;nbsp; &amp;nbsp; &amp;nbsp; &amp;nbsp; &amp;nbsp; &amp;nbsp; &amp;nbsp; &amp;nbsp; &amp;nbsp; $ext = pathinfo($attachment[&#039;name&#039;], PATHINFO_EXTENSION);&lt;/p&gt;\r\n&lt;p&gt;&amp;nbsp; &amp;nbsp; &amp;nbsp; &amp;nbsp; &amp;nbsp; &amp;nbsp; &amp;nbsp; &amp;nbsp; &amp;nbsp; &amp;nbsp; &amp;nbsp; &amp;nbsp; &amp;nbsp; &amp;nbsp; &amp;nbsp; &amp;nbsp; &amp;nbsp; &amp;nbsp; &amp;nbsp; &amp;nbsp;&amp;nbsp;&lt;/p&gt;\r\n&lt;p&gt;&amp;nbsp; &amp;nbsp; &amp;nbsp; &amp;nbsp; &amp;nbsp; &amp;nbsp; &amp;nbsp; &amp;nbsp; &amp;nbsp; &amp;nbsp; &amp;nbsp; &amp;nbsp; &amp;nbsp; &amp;nbsp; &amp;nbsp; &amp;nbsp; &amp;nbsp; &amp;nbsp; &amp;nbsp; &amp;nbsp; // Set appropriate icon based on file type&lt;/p&gt;\r\n&lt;p&gt;&amp;nbsp; &amp;nbsp; &amp;nbsp; &amp;nbsp; &amp;nbsp; &amp;nbsp; &amp;nbsp; &amp;nbsp; &amp;nbsp; &amp;nbsp; &amp;nbsp; &amp;nbsp; &amp;nbsp; &amp;nbsp; &amp;nbsp; &amp;nbsp; &amp;nbsp; &amp;nbsp; &amp;nbsp; &amp;nbsp; switch(strtolower($ext)) {&lt;/p&gt;\r\n&lt;p&gt;&amp;nbsp; &amp;nbsp; &amp;nbsp; &amp;nbsp; &amp;nbsp; &amp;nbsp; &amp;nbsp; &amp;nbsp; &amp;nbsp; &amp;nbsp; &amp;nbsp; &amp;nbsp; &amp;nbsp; &amp;nbsp; &amp;nbsp; &amp;nbsp; &amp;nbsp; &amp;nbsp; &amp;nbsp; &amp;nbsp; &amp;nbsp; &amp;nbsp; case &#039;pdf&#039;: $icon = &#039;fa-file-pdf&#039;; break;&lt;/p&gt;\r\n&lt;p&gt;&amp;nbsp; &amp;nbsp; &amp;nbsp; &amp;nbsp; &amp;nbsp; &amp;nbsp; &amp;nbsp; &amp;nbsp; &amp;nbsp; &amp;nbsp; &amp;nbsp; &amp;nbsp; &amp;nbsp; &amp;nbsp; &amp;nbsp; &amp;nbsp; &amp;nbsp; &amp;nbsp; &amp;nbsp; &amp;nbsp; &amp;nbsp; &amp;nbsp; case &#039;doc&#039;:&lt;/p&gt;\r\n&lt;p&gt;&amp;nbsp; &amp;nbsp; &amp;nbsp; &amp;nbsp; &amp;nbsp; &amp;nbsp; &amp;nbsp; &amp;nbsp; &amp;nbsp; &amp;nbsp; &amp;nbsp; &amp;nbsp; &amp;nbsp; &amp;nbsp; &amp;nbsp; &amp;nbsp; &amp;nbsp; &amp;nbsp; &amp;nbsp; &amp;nbsp; &amp;nbsp; &amp;nbsp; case &#039;docx&#039;: $icon = &#039;fa-file-word&#039;; break;&lt;/p&gt;\r\n&lt;p&gt;&amp;nbsp; &amp;nbsp; &amp;nbsp; &amp;nbsp; &amp;nbsp; &amp;nbsp; &amp;nbsp; &amp;nbsp; &amp;nbsp; &amp;nbsp; &amp;nbsp; &amp;nbsp; &amp;nbsp; &amp;nbsp; &amp;nbsp; &amp;nbsp; &amp;nbsp; &amp;nbsp; &amp;nbsp; &amp;nbsp; &amp;nbsp; &amp;nbsp; case &#039;ppt&#039;:&lt;/p&gt;\r\n&lt;p&gt;&amp;nbsp; &amp;nbsp; &amp;nbsp; &amp;nbsp; &amp;nbsp; &amp;nbsp; &amp;nbsp; &amp;nbsp; &amp;nbsp; &amp;nbsp; &amp;nbsp; &amp;nbsp; &amp;nbsp; &amp;nbsp; &amp;nbsp; &amp;nbsp; &amp;nbsp; &amp;nbsp; &amp;nbsp; &amp;nbsp; &amp;nbsp; &amp;nbsp; case &#039;pptx&#039;: $icon = &#039;fa-file-powerpoint&#039;; break;&lt;/p&gt;\r\n&lt;p&gt;&amp;nbsp; &amp;nbsp; &amp;nbsp; &amp;nbsp; &amp;nbsp; &amp;nbsp; &amp;nbsp; &amp;nbsp; &amp;nbsp; &amp;nbsp; &amp;nbsp; &amp;nbsp; &amp;nbsp; &amp;nbsp; &amp;nbsp; &amp;nbsp; &amp;nbsp; &amp;nbsp; &amp;nbsp; &amp;nbsp; &amp;nbsp; &amp;nbsp; case &#039;xls&#039;:&lt;/p&gt;\r\n&lt;p&gt;&amp;nbsp; &amp;nbsp; &amp;nbsp; &amp;nbsp; &amp;nbsp; &amp;nbsp; &amp;nbsp; &amp;nbsp; &amp;nbsp; &amp;nbsp; &amp;nbsp; &amp;nbsp; &amp;nbsp; &amp;nbsp; &amp;nbsp; &amp;nbsp; &amp;nbsp; &amp;nbsp; &amp;nbsp; &amp;nbsp; &amp;nbsp; &amp;nbsp; case &#039;xlsx&#039;: $icon = &#039;fa-file-excel&#039;; break;&lt;/p&gt;\r\n&lt;p&gt;&amp;nbsp; &amp;nbsp; &amp;nbsp; &amp;nbsp; &amp;nbsp; &amp;nbsp; &amp;nbsp; &amp;nbsp; &amp;nbsp; &amp;nbsp; &amp;nbsp; &amp;nbsp; &amp;nbsp; &amp;nbsp; &amp;nbsp; &amp;nbsp; &amp;nbsp; &amp;nbsp; &amp;nbsp; &amp;nbsp; &amp;nbsp; &amp;nbsp; case &#039;zip&#039;:&lt;/p&gt;\r\n&lt;p&gt;&amp;nbsp; &amp;nbsp; &amp;nbsp; &amp;nbsp; &amp;nbsp; &amp;nbsp; &amp;nbsp; &amp;nbsp; &amp;nbsp; &amp;nbsp; &amp;nbsp; &amp;nbsp; &amp;nbsp; &amp;nbsp; &amp;nbsp; &amp;nbsp; &amp;nbsp; &amp;nbsp; &amp;nbsp; &amp;nbsp; &amp;nbsp; &amp;nbsp; case &#039;rar&#039;: $icon = &#039;fa-file-archive&#039;; break;&lt;/p&gt;\r\n&lt;p&gt;&amp;nbsp; &amp;nbsp; &amp;nbsp; &amp;nbsp; &amp;nbsp; &amp;nbsp; &amp;nbsp; &amp;nbsp; &amp;nbsp; &amp;nbsp; &amp;nbsp; &amp;nbsp; &amp;nbsp; &amp;nbsp; &amp;nbsp; &amp;nbsp; &amp;nbsp; &amp;nbsp; &amp;nbsp; &amp;nbsp; &amp;nbsp; &amp;nbsp; case &#039;jpg&#039;:&lt;/p&gt;\r\n&lt;p&gt;&amp;nbsp; &amp;nbsp; &amp;nbsp; &amp;nbsp; &amp;nbsp; &amp;nbsp; &amp;nbsp; &amp;nbsp; &amp;nbsp; &amp;nbsp; &amp;nbsp; &amp;nbsp; &amp;nbsp; &amp;nbsp; &amp;nbsp; &amp;nbsp; &amp;nbsp; &amp;nbsp; &amp;nbsp; &amp;nbsp; &amp;nbsp; &amp;nbsp; case &#039;jpeg&#039;:&lt;/p&gt;\r\n&lt;p&gt;&amp;nbsp; &amp;nbsp; &amp;nbsp; &amp;nbsp; &amp;nbsp; &amp;nbsp; &amp;nbsp; &amp;nbsp; &amp;nbsp; &amp;nbsp; &amp;nbsp; &amp;nbsp; &amp;nbsp; &amp;nbsp; &amp;nbsp; &amp;nbsp; &amp;nbsp; &amp;nbsp; &amp;nbsp; &amp;nbsp; &amp;nbsp; &amp;nbsp; case &#039;png&#039;:&lt;/p&gt;\r\n&lt;p&gt;&amp;nbsp; &amp;nbsp; &amp;nbsp; &amp;nbsp; &amp;nbsp; &amp;nbsp; &amp;nbsp; &amp;nbsp; &amp;nbsp; &amp;nbsp; &amp;nbsp; &amp;nbsp; &amp;nbsp; &amp;nbsp; &amp;nbsp; &amp;nbsp; &amp;nbsp; &amp;nbsp; &amp;nbsp; &amp;nbsp; &amp;nbsp; &amp;nbsp; case &#039;gif&#039;: $icon = &#039;fa-file-image&#039;; break;&lt;/p&gt;\r\n&lt;p&gt;&amp;nbsp; &amp;nbsp; &amp;nbsp; &amp;nbsp; &amp;nbsp; &amp;nbsp; &amp;nbsp; &amp;nbsp; &amp;nbsp; &amp;nbsp; &amp;nbsp; &amp;nbsp; &amp;nbsp; &amp;nbsp; &amp;nbsp; &amp;nbsp; &amp;nbsp; &amp;nbsp; &amp;nbsp; &amp;nbsp; &amp;nbsp; &amp;nbsp; case &#039;mp4&#039;:&lt;/p&gt;\r\n&lt;p&gt;&amp;nbsp; &amp;nbsp; &amp;nbsp; &amp;nbsp; &amp;nbsp; &amp;nbsp; &amp;nbsp; &amp;nbsp; &amp;nbsp; &amp;nbsp; &amp;nbsp; &amp;nbsp; &amp;nbsp; &amp;nbsp; &amp;nbsp; &amp;nbsp; &amp;nbsp; &amp;nbsp; &amp;nbsp; &amp;nbsp; &amp;nbsp; &amp;nbsp; case &#039;webm&#039;:&lt;/p&gt;\r\n&lt;p&gt;&amp;nbsp; &amp;nbsp; &amp;nbsp; &amp;nbsp; &amp;nbsp; &amp;nbsp; &amp;nbsp; &amp;nbsp; &amp;nbsp; &amp;nbsp; &amp;nbsp; &amp;nbsp; &amp;nbsp; &amp;nbsp; &amp;nbsp; &amp;nbsp; &amp;nbsp; &amp;nbsp; &amp;nbsp; &amp;nbsp; &amp;nbsp; &amp;nbsp; case &#039;ogg&#039;: $icon = &#039;fa-file-video&#039;; break;&lt;/p&gt;\r\n&lt;p&gt;&amp;nbsp; &amp;nbsp; &amp;nbsp; &amp;nbsp; &amp;nbsp; &amp;nbsp; &amp;nbsp; &amp;nbsp; &amp;nbsp; &amp;nbsp; &amp;nbsp; &amp;nbsp; &amp;nbsp; &amp;nbsp; &amp;nbsp; &amp;nbsp; &amp;nbsp; &amp;nbsp; &amp;nbsp; &amp;nbsp; &amp;nbsp; &amp;nbsp; case &#039;mp3&#039;:&lt;/p&gt;\r\n&lt;p&gt;&amp;nbsp; &amp;nbsp; &amp;nbsp; &amp;nbsp; &amp;nbsp; &amp;nbsp; &amp;nbsp; &amp;nbsp; &amp;nbsp; &amp;nbsp; &amp;nbsp; &amp;nbsp; &amp;nbsp; &amp;nbsp; &amp;nbsp; &amp;nbsp; &amp;nbsp; &amp;nbsp; &amp;nbsp; &amp;nbsp; &amp;nbsp; &amp;nbsp; case &#039;wav&#039;: $icon = &#039;fa-file-audio&#039;; break;&lt;/p&gt;\r\n&lt;p&gt;&amp;nbsp; &amp;nbsp; &amp;nbsp; &amp;nbsp; &amp;nbsp; &amp;nbsp; &amp;nbsp; &amp;nbsp; &amp;nbsp; &amp;nbsp; &amp;nbsp; &amp;nbsp; &amp;nbsp; &amp;nbsp; &amp;nbsp; &amp;nbsp; &amp;nbsp; &amp;nbsp; &amp;nbsp; &amp;nbsp; }&lt;/p&gt;\r\n&lt;p&gt;&amp;nbsp; &amp;nbsp; &amp;nbsp; &amp;nbsp; &amp;nbsp; &amp;nbsp; &amp;nbsp; &amp;nbsp; &amp;nbsp; &amp;nbsp; &amp;nbsp; &amp;nbsp; &amp;nbsp; &amp;nbsp; &amp;nbsp; &amp;nbsp; &amp;nbsp; &amp;nbsp; ?&amp;gt;&lt;/p&gt;\r\n&lt;p&gt;&amp;nbsp; &amp;nbsp; &amp;nbsp; &amp;nbsp; &amp;nbsp; &amp;nbsp; &amp;nbsp; &amp;nbsp; &amp;nbsp; &amp;nbsp; &amp;nbsp; &amp;nbsp; &amp;nbsp; &amp;nbsp; &amp;nbsp; &amp;nbsp; &amp;nbsp; &amp;nbsp; &amp;nbsp; &amp;nbsp; &amp;lt;a href=&quot;&amp;lt;?php echo htmlspecialchars($attachment[&#039;path&#039;]); ?&amp;gt;&quot; class=&quot;attachment-card&quot; download&amp;gt;&lt;/p&gt;\r\n&lt;p&gt;&amp;nbsp; &amp;nbsp; &amp;nbsp; &amp;nbsp; &amp;nbsp; &amp;nbsp; &amp;nbsp; &amp;nbsp; &amp;nbsp; &amp;nbsp; &amp;nbsp; &amp;nbsp; &amp;nbsp; &amp;nbsp; &amp;nbsp; &amp;nbsp; &amp;nbsp; &amp;nbsp; &amp;nbsp; &amp;nbsp; &amp;nbsp; &amp;nbsp; &amp;lt;div class=&quot;attachment-icon&quot;&amp;gt;&lt;/p&gt;\r\n&lt;p&gt;&amp;nbsp; &amp;nbsp; &amp;nbsp; &amp;nbsp; &amp;nbsp; &amp;nbsp; &amp;nbsp; &amp;nbsp; &amp;nbsp; &amp;nbsp; &amp;nbsp; &amp;nbsp; &amp;nbsp; &amp;nbsp; &amp;nbsp; &amp;nbsp; &amp;nbsp; &amp;nbsp; &amp;nbsp; &amp;nbsp; &amp;nbsp; &amp;nbsp; &amp;nbsp; &amp;nbsp; &amp;lt;i class=&quot;fas &amp;lt;?php echo $icon; ?&amp;gt;&quot;&amp;gt;&amp;lt;/i&amp;gt;&lt;/p&gt;\r\n&lt;p&gt;&amp;nbsp; &amp;nbsp; &amp;nbsp; &amp;nbsp; &amp;nbsp; &amp;nbsp; &amp;nbsp; &amp;nbsp; &amp;nbsp; &amp;nbsp; &amp;nbsp; &amp;nbsp; &amp;nbsp; &amp;nbsp; &amp;nbsp; &amp;nbsp; &amp;nbsp; &amp;nbsp; &amp;nbsp; &amp;nbsp; &amp;nbsp; &amp;nbsp; &amp;lt;/div&amp;gt;&lt;/p&gt;\r\n&lt;p&gt;&amp;nbsp; &amp;nbsp; &amp;nbsp; &amp;nbsp; &amp;nbsp; &amp;nbsp; &amp;nbsp; &amp;nbsp; &amp;nbsp; &amp;nbsp; &amp;nbsp; &amp;nbsp; &amp;nbsp; &amp;nbsp; &amp;nbsp; &amp;nbsp; &amp;nbsp; &amp;nbsp; &amp;nbsp; &amp;nbsp; &amp;nbsp; &amp;nbsp; &amp;lt;div class=&quot;attachment-info&quot;&amp;gt;&lt;/p&gt;\r\n&lt;p&gt;&amp;nbsp; &amp;nbsp; &amp;nbsp; &amp;nbsp; &amp;nbsp; &amp;nbsp; &amp;nbsp; &amp;nbsp; &amp;nbsp; &amp;nbsp; &amp;nbsp; &amp;nbsp; &amp;nbsp; &amp;nbsp; &amp;nbsp; &amp;nbsp; &amp;nbsp; &amp;nbsp; &amp;nbsp; &amp;nbsp; &amp;nbsp; &amp;nbsp; &amp;nbsp; &amp;nbsp; &amp;lt;h4&amp;gt;&amp;lt;?php echo htmlspecialchars($attachment[&#039;name&#039;]); ?&amp;gt;&amp;lt;/h4&amp;gt;&lt;/p&gt;\r\n&lt;p&gt;&amp;nbsp; &amp;nbsp; &amp;nbsp; &amp;nbsp; &amp;nbsp; &amp;nbsp; &amp;nbsp; &amp;nbsp; &amp;nbsp; &amp;nbsp; &amp;nbsp; &amp;nbsp; &amp;nbsp; &amp;nbsp; &amp;nbsp; &amp;nbsp; &amp;nbsp; &amp;nbsp; &amp;nbsp; &amp;nbsp; &amp;nbsp; &amp;nbsp; &amp;nbsp; &amp;nbsp; &amp;lt;p&amp;gt;&amp;lt;?php echo strtoupper($ext); ?&amp;gt; File&amp;lt;/p&amp;gt;&lt;/p&gt;\r\n&lt;p&gt;&amp;nbsp; &amp;nbsp; &amp;nbsp; &amp;nbsp; &amp;nbsp; &amp;nbsp; &amp;nbsp; &amp;nbsp; &amp;nbsp; &amp;nbsp; &amp;nbsp; &amp;nbsp; &amp;nbsp; &amp;nbsp; &amp;nbsp; &amp;nbsp; &amp;nbsp; &amp;nbsp; &amp;nbsp; &amp;nbsp; &amp;nbsp; &amp;nbsp; &amp;lt;/div&amp;gt;&lt;/p&gt;\r\n&lt;p&gt;&amp;nbsp; &amp;nbsp; &amp;nbsp; &amp;nbsp; &amp;nbsp; &amp;nbsp; &amp;nbsp; &amp;nbsp; &amp;nbsp; &amp;nbsp; &amp;nbsp; &amp;nbsp; &amp;nbsp; &amp;nbsp; &amp;nbsp; &amp;nbsp; &amp;nbsp; &amp;nbsp; &amp;nbsp; &amp;nbsp; &amp;nbsp; &amp;nbsp; &amp;lt;i class=&quot;fas fa-download&quot;&amp;gt;&amp;lt;/i&amp;gt;&lt;/p&gt;\r\n&lt;p&gt;&amp;nbsp; &amp;nbsp; &amp;nbsp; &amp;nbsp; &amp;nbsp; &amp;nbsp; &amp;nbsp; &amp;nbsp; &amp;nbsp; &amp;nbsp; &amp;nbsp; &amp;nbsp; &amp;nbsp; &amp;nbsp; &amp;nbsp; &amp;nbsp; &amp;nbsp; &amp;nbsp; &amp;nbsp; &amp;nbsp; &amp;lt;/a&amp;gt;&lt;/p&gt;\r\n&lt;p&gt;&amp;nbsp; &amp;nbsp; &amp;nbsp; &amp;nbsp; &amp;nbsp; &amp;nbsp; &amp;nbsp; &amp;nbsp; &amp;nbsp; &amp;nbsp; &amp;nbsp; &amp;nbsp; &amp;nbsp; &amp;nbsp; &amp;nbsp; &amp;nbsp; &amp;nbsp; &amp;nbsp; &amp;lt;?php endforeach; ?&amp;gt;&lt;/p&gt;\r\n&lt;p&gt;&amp;nbsp; &amp;nbsp; &amp;nbsp; &amp;nbsp; &amp;nbsp; &amp;nbsp; &amp;nbsp; &amp;nbsp; &amp;nbsp; &amp;nbsp; &amp;nbsp; &amp;nbsp; &amp;nbsp; &amp;nbsp; &amp;nbsp; &amp;nbsp; &amp;lt;/div&amp;gt;&lt;/p&gt;\r\n&lt;p&gt;&amp;nbsp; &amp;nbsp; &amp;nbsp; &amp;nbsp; &amp;nbsp; &amp;nbsp; &amp;nbsp; &amp;nbsp; &amp;nbsp; &amp;nbsp; &amp;nbsp; &amp;nbsp; &amp;nbsp; &amp;nbsp; &amp;lt;/div&amp;gt;&lt;/p&gt;\r\n&lt;p&gt;&amp;nbsp; &amp;nbsp; &amp;nbsp; &amp;nbsp; &amp;nbsp; &amp;nbsp; &amp;nbsp; &amp;nbsp; &amp;nbsp; &amp;nbsp; &amp;nbsp; &amp;nbsp; &amp;lt;?php endif; ?&amp;gt;&lt;/p&gt;\r\n&lt;p&gt;&amp;nbsp; &amp;nbsp; &amp;nbsp; &amp;nbsp; &amp;nbsp; &amp;nbsp; &amp;nbsp; &amp;nbsp; &amp;nbsp; &amp;nbsp; &amp;nbsp; &amp;nbsp;&amp;nbsp;&lt;/p&gt;\r\n&lt;p&gt;&amp;nbsp; &amp;nbsp; &amp;nbsp; &amp;nbsp; &amp;nbsp; &amp;nbsp; &amp;nbsp; &amp;nbsp; &amp;nbsp; &amp;nbsp; &amp;nbsp; &amp;nbsp; &amp;lt;div class=&quot;navigation-buttons&quot;&amp;gt;&lt;/p&gt;\r\n&lt;p&gt;&amp;nbsp; &amp;nbsp; &amp;nbsp; &amp;nbsp; &amp;nbsp; &amp;nbsp; &amp;nbsp; &amp;nbsp; &amp;nbsp; &amp;nbsp; &amp;nbsp; &amp;nbsp; &amp;nbsp; &amp;nbsp; &amp;lt;?php if($current_lesson_index !== null &amp;amp;&amp;amp; $current_lesson_index &amp;gt; 0): ?&amp;gt;&lt;/p&gt;\r\n&lt;p&gt;&amp;nbsp; &amp;nbsp; &amp;nbsp; &amp;nbsp; &amp;nbsp; &amp;nbsp; &amp;nbsp; &amp;nbsp; &amp;nbsp; &amp;nbsp; &amp;nbsp; &amp;nbsp; &amp;nbsp; &amp;nbsp; &amp;nbsp; &amp;nbsp; &amp;lt;a href=&quot;watchCourse.php?course_id=&amp;lt;?php echo $course_id; ?&amp;gt;&amp;amp;lesson_id=&amp;lt;?php echo $lessons[$current_lesson_index - 1][&#039;lesson_id&#039;]; ?&amp;gt;&quot; class=&quot;nav-button prev-lesson&quot;&amp;gt;&lt;/p&gt;\r\n&lt;p&gt;&amp;nbsp; &amp;nbsp; &amp;nbsp; &amp;nbsp; &amp;nbsp; &amp;nbsp; &amp;nbsp; &amp;nbsp; &amp;nbsp; &amp;nbsp; &amp;nbsp; &amp;nbsp; &amp;nbsp; &amp;nbsp; &amp;nbsp; &amp;nbsp; &amp;nbsp; &amp;nbsp; &amp;lt;i class=&quot;fas fa-arrow-left&quot;&amp;gt;&amp;lt;/i&amp;gt; Previous Lesson&lt;/p&gt;\r\n&lt;p&gt;&amp;nbsp; &amp;nbsp; &amp;nbsp; &amp;nbsp; &amp;nbsp; &amp;nbsp; &amp;nbsp; &amp;nbsp; &amp;nbsp; &amp;nbsp; &amp;nbsp; &amp;nbsp; &amp;nbsp; &amp;nbsp; &amp;nbsp; &amp;nbsp; &amp;lt;/a&amp;gt;&lt;/p&gt;\r\n&lt;p&gt;&amp;nbsp; &amp;nbsp; &amp;nbsp; &amp;nbsp; &amp;nbsp; &amp;nbsp; &amp;nbsp; &amp;nbsp; &amp;nbsp; &amp;nbsp; &amp;nbsp; &amp;nbsp; &amp;nbsp; &amp;nbsp; &amp;lt;?php else: ?&amp;gt;&lt;/p&gt;\r\n&lt;p&gt;&amp;nbsp; &amp;nbsp; &amp;nbsp; &amp;nbsp; &amp;nbsp; &amp;nbsp; &amp;nbsp; &amp;nbsp; &amp;nbsp; &amp;nbsp; &amp;nbsp; &amp;nbsp; &amp;nbsp; &amp;nbsp; &amp;nbsp; &amp;nbsp; &amp;lt;span class=&quot;nav-button prev-lesson&quot; style=&quot;opacity: 0.5; cursor: not-allowed;&quot;&amp;gt;&lt;/p&gt;\r\n&lt;p&gt;&amp;nbsp; &amp;nbsp; &amp;nbsp; &amp;nbsp; &amp;nbsp; &amp;nbsp; &amp;nbsp; &amp;nbsp; &amp;nbsp; &amp;nbsp; &amp;nbsp; &amp;nbsp; &amp;nbsp; &amp;nbsp; &amp;nbsp; &amp;nbsp; &amp;nbsp; &amp;nbsp; &amp;lt;i class=&quot;fas fa-arrow-left&quot;&amp;gt;&amp;lt;/i&amp;gt; Previous Lesson&lt;/p&gt;\r\n&lt;p&gt;&amp;nbsp; &amp;nbsp; &amp;nbsp; &amp;nbsp; &amp;nbsp; &amp;nbsp; &amp;nbsp; &amp;nbsp; &amp;nbsp; &amp;nbsp; &amp;nbsp; &amp;nbsp; &amp;nbsp; &amp;nbsp; &amp;nbsp; &amp;nbsp; &amp;lt;/span&amp;gt;&lt;/p&gt;\r\n&lt;p&gt;&amp;nbsp; &amp;nbsp; &amp;nbsp; &amp;nbsp; &amp;nbsp; &amp;nbsp; &amp;nbsp; &amp;nbsp; &amp;nbsp; &amp;nbsp; &amp;nbsp; &amp;nbsp; &amp;nbsp; &amp;nbsp; &amp;lt;?php endif; ?&amp;gt;&lt;/p&gt;\r\n&lt;p&gt;&amp;nbsp; &amp;nbsp; &amp;nbsp; &amp;nbsp; &amp;nbsp; &amp;nbsp; &amp;nbsp; &amp;nbsp; &amp;nbsp; &amp;nbsp; &amp;nbsp; &amp;nbsp; &amp;nbsp; &amp;nbsp;&amp;nbsp;&lt;/p&gt;\r\n&lt;p&gt;&amp;nbsp; &amp;nbsp; &amp;nbsp; &amp;nbsp; &amp;nbsp; &amp;nbsp; &amp;nbsp; &amp;nbsp; &amp;nbsp; &amp;nbsp; &amp;nbsp; &amp;nbsp; &amp;nbsp; &amp;nbsp; &amp;lt;?php if($current_lesson_index !== null &amp;amp;&amp;amp; $current_lesson_index &amp;lt; count($lessons) - 1): ?&amp;gt;&lt;/p&gt;\r\n&lt;p&gt;&amp;nbsp; &amp;nbsp; &amp;nbsp; &amp;nbsp; &amp;nbsp; &amp;nbsp; &amp;nbsp; &amp;nbsp; &amp;nbsp; &amp;nbsp; &amp;nbsp; &amp;nbsp; &amp;nbsp; &amp;nbsp; &amp;nbsp; &amp;nbsp; &amp;lt;a href=&quot;watchCourse.php?course_id=&amp;lt;?php echo $course_id; ?&amp;gt;&amp;amp;lesson_id=&amp;lt;?php echo $lessons[$current_lesson_index + 1][&#039;lesson_id&#039;]; ?&amp;gt;&quot; class=&quot;nav-button next-lesson&quot;&amp;gt;&lt;/p&gt;\r\n&lt;p&gt;&amp;nbsp; &amp;nbsp; &amp;nbsp; &amp;nbsp; &amp;nbsp; &amp;nbsp; &amp;nbsp; &amp;nbsp; &amp;nbsp; &amp;nbsp; &amp;nbsp; &amp;nbsp; &amp;nbsp; &amp;nbsp; &amp;nbsp; &amp;nbsp; &amp;nbsp; &amp;nbsp; Next Lesson &amp;lt;i class=&quot;fas fa-arrow-right&quot;&amp;gt;&amp;lt;/i&amp;gt;&lt;/p&gt;\r\n&lt;p&gt;&amp;nbsp; &amp;nbsp; &amp;nbsp; &amp;nbsp; &amp;nbsp; &amp;nbsp; &amp;nbsp; &amp;nbsp; &amp;nbsp; &amp;nbsp; &amp;nbsp; &amp;nbsp; &amp;nbsp; &amp;nbsp; &amp;nbsp; &amp;nbsp; &amp;lt;/a&amp;gt;&lt;/p&gt;\r\n&lt;p&gt;&amp;nbsp; &amp;nbsp; &amp;nbsp; &amp;nbsp; &amp;nbsp; &amp;nbsp; &amp;nbsp; &amp;nbsp; &amp;nbsp; &amp;nbsp; &amp;nbsp; &amp;nbsp; &amp;nbsp; &amp;nbsp; &amp;lt;?php else: ?&amp;gt;&lt;/p&gt;\r\n&lt;p&gt;&amp;nbsp; &amp;nbsp; &amp;nbsp; &amp;nbsp; &amp;nbsp; &amp;nbsp; &amp;nbsp; &amp;nbsp; &amp;nbsp; &amp;nbsp; &amp;nbsp; &amp;nbsp; &amp;nbsp; &amp;nbsp; &amp;nbsp; &amp;nbsp; &amp;lt;span class=&quot;nav-button next-lesson&quot; style=&quot;opacity: 0.5; cursor: not-allowed;&quot;&amp;gt;&lt;/p&gt;\r\n&lt;p&gt;&amp;nbsp; &amp;nbsp; &amp;nbsp; &amp;nbsp; &amp;nbsp; &amp;nbsp; &amp;nbsp; &amp;nbsp; &amp;nbsp; &amp;nbsp; &amp;nbsp; &amp;nbsp; &amp;nbsp; &amp;nbsp; &amp;nbsp; &amp;nbsp; &amp;nbsp; &amp;nbsp; Next Lesson &amp;lt;i class=&quot;fas fa-arrow-right&quot;&amp;gt;&amp;lt;/i&amp;gt;&lt;/p&gt;\r\n&lt;p&gt;&amp;nbsp; &amp;nbsp; &amp;nbsp; &amp;nbsp; &amp;nbsp; &amp;nbsp; &amp;nbsp; &amp;nbsp; &amp;nbsp; &amp;nbsp; &amp;nbsp; &amp;nbsp; &amp;nbsp; &amp;nbsp; &amp;nbsp; &amp;nbsp; &amp;lt;/span&amp;gt;&lt;/p&gt;\r\n&lt;p&gt;&amp;nbsp; &amp;nbsp; &amp;nbsp; &amp;nbsp; &amp;nbsp; &amp;nbsp; &amp;nbsp; &amp;nbsp; &amp;nbsp; &amp;nbsp; &amp;nbsp; &amp;nbsp; &amp;nbsp; &amp;nbsp; &amp;lt;?php endif; ?&amp;gt;&lt;/p&gt;\r\n&lt;p&gt;&amp;nbsp; &amp;nbsp; &amp;nbsp; &amp;nbsp; &amp;nbsp; &amp;nbsp; &amp;nbsp; &amp;nbsp; &amp;nbsp; &amp;nbsp; &amp;nbsp; &amp;nbsp; &amp;lt;/div&amp;gt;&lt;/p&gt;\r\n&lt;p&gt;&amp;nbsp; &amp;nbsp; &amp;nbsp; &amp;nbsp; &amp;nbsp; &amp;nbsp; &amp;nbsp; &amp;nbsp; &amp;nbsp; &amp;nbsp; &amp;lt;/div&amp;gt;&lt;/p&gt;\r\n&lt;p&gt;&amp;nbsp; &amp;nbsp; &amp;nbsp; &amp;nbsp; &amp;nbsp; &amp;nbsp; &amp;nbsp; &amp;nbsp; &amp;lt;/div&amp;gt;&lt;/p&gt;\r\n&lt;p&gt;&amp;nbsp; &amp;nbsp; &amp;nbsp; &amp;nbsp; &amp;nbsp; &amp;nbsp; &amp;lt;?php else: ?&amp;gt;&lt;/p&gt;\r\n&lt;p&gt;&amp;nbsp; &amp;nbsp; &amp;nbsp; &amp;nbsp; &amp;nbsp; &amp;nbsp; &amp;nbsp; &amp;nbsp; &amp;lt;div class=&quot;lesson-content&quot;&amp;gt;&lt;/p&gt;\r\n&lt;p&gt;&amp;nbsp; &amp;nbsp; &amp;nbsp; &amp;nbsp; &amp;nbsp; &amp;nbsp; &amp;nbsp; &amp;nbsp; &amp;nbsp; &amp;nbsp; &amp;lt;div class=&quot;lesson-content-container&quot; style=&quot;text-align: center; padding: 3rem;&quot;&amp;gt;&lt;/p&gt;\r\n&lt;p&gt;&amp;nbsp; &amp;nbsp; &amp;nbsp; &amp;nbsp; &amp;nbsp; &amp;nbsp; &amp;nbsp; &amp;nbsp; &amp;nbsp; &amp;nbsp; &amp;nbsp; &amp;nbsp; &amp;lt;i class=&quot;fas fa-book-open&quot; style=&quot;font-size: 3rem; color: var(--color-primary); margin-bottom: 1rem;&quot;&amp;gt;&amp;lt;/i&amp;gt;&lt;/p&gt;\r\n&lt;p&gt;&amp;nbsp; &amp;nbsp; &amp;nbsp; &amp;nbsp; &amp;nbsp; &amp;nbsp; &amp;nbsp; &amp;nbsp; &amp;nbsp; &amp;nbsp; &amp;nbsp; &amp;nbsp; &amp;lt;h2&amp;gt;Select a Lesson to Begin&amp;lt;/h2&amp;gt;&lt;/p&gt;\r\n&lt;p&gt;&amp;nbsp; &amp;nbsp; &amp;nbsp; &amp;nbsp; &amp;nbsp; &amp;nbsp; &amp;nbsp; &amp;nbsp; &amp;nbsp; &amp;nbsp; &amp;nbsp; &amp;nbsp; &amp;lt;p&amp;gt;Choose a lesson from the sidebar to start learning&amp;lt;/p&amp;gt;&lt;/p&gt;\r\n&lt;p&gt;&amp;nbsp; &amp;nbsp; &amp;nbsp; &amp;nbsp; &amp;nbsp; &amp;nbsp; &amp;nbsp; &amp;nbsp; &amp;nbsp; &amp;nbsp; &amp;lt;/div&amp;gt;&lt;/p&gt;\r\n&lt;p&gt;&amp;nbsp; &amp;nbsp; &amp;nbsp; &amp;nbsp; &amp;nbsp; &amp;nbsp; &amp;nbsp; &amp;nbsp; &amp;lt;/div&amp;gt;&lt;/p&gt;\r\n&lt;p&gt;&amp;nbsp; &amp;nbsp; &amp;nbsp; &amp;nbsp; &amp;nbsp; &amp;nbsp; &amp;lt;?php endif; ?&amp;gt;&lt;/p&gt;\r\n&lt;p&gt;&amp;nbsp; &amp;nbsp; &amp;nbsp; &amp;nbsp; &amp;lt;/div&amp;gt;&lt;/p&gt;\r\n&lt;p&gt;&amp;nbsp; &amp;nbsp; &amp;nbsp; &amp;nbsp;&amp;nbsp;&lt;/p&gt;\r\n&lt;p&gt;&amp;nbsp; &amp;nbsp; &amp;nbsp; &amp;nbsp; &amp;lt;!-- Lessons Sidebar --&amp;gt;&lt;/p&gt;\r\n&lt;p&gt;&amp;nbsp; &amp;nbsp; &amp;nbsp; &amp;nbsp; &amp;lt;div class=&quot;lesson&quot;&amp;gt;&lt;/p&gt;\r\n&lt;p&gt;&amp;nbsp; &amp;nbsp; &amp;nbsp; &amp;nbsp; &amp;nbsp; &amp;nbsp; &amp;lt;h2&amp;gt;&amp;lt;i class=&quot;fas fa-list-ol&quot;&amp;gt;&amp;lt;/i&amp;gt; Lessons&amp;lt;/h2&amp;gt;&lt;/p&gt;\r\n&lt;p&gt;&amp;nbsp; &amp;nbsp; &amp;nbsp; &amp;nbsp; &amp;nbsp; &amp;nbsp; &amp;lt;ol id=&quot;playlist&quot;&amp;gt;&lt;/p&gt;\r\n&lt;p&gt;&amp;nbsp; &amp;nbsp; &amp;nbsp; &amp;nbsp; &amp;nbsp; &amp;nbsp; &amp;nbsp; &amp;nbsp; &amp;lt;?php if(!empty($lessons)): ?&amp;gt;&lt;/p&gt;\r\n&lt;p&gt;&amp;nbsp; &amp;nbsp; &amp;nbsp; &amp;nbsp; &amp;nbsp; &amp;nbsp; &amp;nbsp; &amp;nbsp; &amp;nbsp; &amp;nbsp; &amp;lt;?php foreach($lessons as $lesson): ?&amp;gt;&lt;/p&gt;\r\n&lt;p&gt;&amp;nbsp; &amp;nbsp; &amp;nbsp; &amp;nbsp; &amp;nbsp; &amp;nbsp; &amp;nbsp; &amp;nbsp; &amp;nbsp; &amp;nbsp; &amp;nbsp; &amp;nbsp; &amp;lt;li class=&quot;&amp;lt;?php echo (!empty($current_lesson) &amp;amp;&amp;amp; $current_lesson[&#039;lesson_id&#039;] == $lesson[&#039;lesson_id&#039;] ? &#039;active&#039; : &#039;&#039;); ?&amp;gt; &amp;lt;?php echo rand(0, 1) ? &#039;completed&#039; : &#039;&#039;; ?&amp;gt;&quot;&lt;/p&gt;\r\n&lt;p&gt;&amp;nbsp; &amp;nbsp; &amp;nbsp; &amp;nbsp; &amp;nbsp; &amp;nbsp; &amp;nbsp; &amp;nbsp; &amp;nbsp; &amp;nbsp; &amp;nbsp; &amp;nbsp; &amp;nbsp; &amp;nbsp; data-url=&quot;&amp;lt;?php echo htmlspecialchars($lesson[&#039;lesson_link&#039;]); ?&amp;gt;&quot;&lt;/p&gt;\r\n&lt;p&gt;&amp;nbsp; &amp;nbsp; &amp;nbsp; &amp;nbsp; &amp;nbsp; &amp;nbsp; &amp;nbsp; &amp;nbsp; &amp;nbsp; &amp;nbsp; &amp;nbsp; &amp;nbsp; &amp;nbsp; &amp;nbsp; data-lesson-id=&quot;&amp;lt;?php echo $lesson[&#039;lesson_id&#039;]; ?&amp;gt;&quot;&amp;gt;&lt;/p&gt;\r\n&lt;p&gt;&amp;nbsp; &amp;nbsp; &amp;nbsp; &amp;nbsp; &amp;nbsp; &amp;nbsp; &amp;nbsp; &amp;nbsp; &amp;nbsp; &amp;nbsp; &amp;nbsp; &amp;nbsp; &amp;nbsp; &amp;nbsp; &amp;lt;i class=&quot;fas fa-play-circle&quot;&amp;gt;&amp;lt;/i&amp;gt;&lt;/p&gt;\r\n&lt;p&gt;&amp;nbsp; &amp;nbsp; &amp;nbsp; &amp;nbsp; &amp;nbsp; &amp;nbsp; &amp;nbsp; &amp;nbsp; &amp;nbsp; &amp;nbsp; &amp;nbsp; &amp;nbsp; &amp;nbsp; &amp;nbsp; &amp;lt;span&amp;gt;&amp;lt;?php echo htmlspecialchars($lesson[&#039;lesson_name&#039;]); ?&amp;gt;&amp;lt;/span&amp;gt;&lt;/p&gt;\r\n&lt;p&gt;&amp;nbsp; &amp;nbsp; &amp;nbsp; &amp;nbsp; &amp;nbsp; &amp;nbsp; &amp;nbsp; &amp;nbsp; &amp;nbsp; &amp;nbsp; &amp;nbsp; &amp;nbsp; &amp;nbsp; &amp;nbsp; &amp;lt;?php if(!empty($lesson[&#039;lesson_duration&#039;])): ?&amp;gt;&lt;/p&gt;\r\n&lt;p&gt;&amp;nbsp; &amp;nbsp; &amp;nbsp; &amp;nbsp; &amp;nbsp; &amp;nbsp; &amp;nbsp; &amp;nbsp; &amp;nbsp; &amp;nbsp; &amp;nbsp; &amp;nbsp; &amp;nbsp; &amp;nbsp; &amp;nbsp; &amp;nbsp; &amp;lt;span style=&quot;margin-left: auto; font-size: 0.8rem; color: var(--color-dark); opacity: 0.7;&quot;&amp;gt;&lt;/p&gt;\r\n&lt;p&gt;&amp;nbsp; &amp;nbsp; &amp;nbsp; &amp;nbsp; &amp;nbsp; &amp;nbsp; &amp;nbsp; &amp;nbsp; &amp;nbsp; &amp;nbsp; &amp;nbsp; &amp;nbsp; &amp;nbsp; &amp;nbsp; &amp;nbsp; &amp;nbsp; &amp;nbsp; &amp;nbsp; &amp;lt;?php echo floor($lesson[&#039;lesson_duration&#039;] / 60) . &#039;m&#039;; ?&amp;gt;&lt;/p&gt;\r\n&lt;p&gt;&amp;nbsp; &amp;nbsp; &amp;nbsp; &amp;nbsp; &amp;nbsp; &amp;nbsp; &amp;nbsp; &amp;nbsp; &amp;nbsp; &amp;nbsp; &amp;nbsp; &amp;nbsp; &amp;nbsp; &amp;nbsp; &amp;nbsp; &amp;nbsp; &amp;lt;/span&amp;gt;&lt;/p&gt;\r\n&lt;p&gt;&amp;nbsp; &amp;nbsp; &amp;nbsp; &amp;nbsp; &amp;nbsp; &amp;nbsp; &amp;nbsp; &amp;nbsp; &amp;nbsp; &amp;nbsp; &amp;nbsp; &amp;nbsp; &amp;nbsp; &amp;nbsp; &amp;lt;?php endif; ?&amp;gt;&lt;/p&gt;\r\n&lt;p&gt;&amp;nbsp; &amp;nbsp; &amp;nbsp; &amp;nbsp; &amp;nbsp; &amp;nbsp; &amp;nbsp; &amp;nbsp; &amp;nbsp; &amp;nbsp; &amp;nbsp; &amp;nbsp; &amp;lt;/li&amp;gt;&lt;/p&gt;\r\n&lt;p&gt;&amp;nbsp; &amp;nbsp; &amp;nbsp; &amp;nbsp; &amp;nbsp; &amp;nbsp; &amp;nbsp; &amp;nbsp; &amp;nbsp; &amp;nbsp; &amp;lt;?php endforeach; ?&amp;gt;&lt;/p&gt;\r\n&lt;p&gt;&amp;nbsp; &amp;nbsp; &amp;nbsp; &amp;nbsp; &amp;nbsp; &amp;nbsp; &amp;nbsp; &amp;nbsp; &amp;lt;?php else: ?&amp;gt;&lt;/p&gt;\r\n&lt;p&gt;&amp;nbsp; &amp;nbsp; &amp;nbsp; &amp;nbsp; &amp;nbsp; &amp;nbsp; &amp;nbsp; &amp;nbsp; &amp;nbsp; &amp;nbsp; &amp;lt;li&amp;gt;No lessons available for this course&amp;lt;/li&amp;gt;&lt;/p&gt;\r\n&lt;p&gt;&amp;nbsp; &amp;nbsp; &amp;nbsp; &amp;nbsp; &amp;nbsp; &amp;nbsp; &amp;nbsp; &amp;nbsp; &amp;lt;?php endif; ?&amp;gt;&lt;/p&gt;\r\n&lt;p&gt;&amp;nbsp; &amp;nbsp; &amp;nbsp; &amp;nbsp; &amp;nbsp; &amp;nbsp; &amp;lt;/ol&amp;gt;&lt;/p&gt;\r\n&lt;p&gt;&amp;nbsp; &amp;nbsp; &amp;nbsp; &amp;nbsp; &amp;lt;/div&amp;gt;&lt;/p&gt;\r\n&lt;p&gt;&amp;nbsp; &amp;nbsp; &amp;lt;/div&amp;gt;&lt;/p&gt;\r\n&lt;p&gt;&amp;nbsp;&lt;/p&gt;\r\n&lt;p&gt;&amp;nbsp; &amp;nbsp; &amp;lt;!-- JavaScript Libraries --&amp;gt;&lt;/p&gt;\r\n&lt;p&gt;&amp;nbsp; &amp;nbsp; &amp;lt;script src=&quot;https://code.jquery.com/jquery-3.7.0.min.js&quot;&amp;gt;&amp;lt;/script&amp;gt;&lt;/p&gt;\r\n&lt;p&gt;&amp;nbsp; &amp;nbsp; &amp;lt;script src=&quot;https://vjs.zencdn.net/8.6.1/video.min.js&quot;&amp;gt;&amp;lt;/script&amp;gt;&lt;/p&gt;\r\n&lt;p&gt;&amp;nbsp; &amp;nbsp; &amp;lt;script src=&quot;https://cdnjs.cloudflare.com/ajax/libs/highlight.js/11.7.0/highlight.min.js&quot;&amp;gt;&amp;lt;/script&amp;gt;&lt;/p&gt;\r\n&lt;p&gt;&amp;nbsp; &amp;nbsp;&amp;nbsp;&lt;/p&gt;\r\n&lt;p&gt;&amp;nbsp; &amp;nbsp; &amp;lt;script&amp;gt;&lt;/p&gt;\r\n&lt;p&gt;&amp;nbsp; &amp;nbsp; &amp;nbsp; &amp;nbsp; $(document).ready(function(){&lt;/p&gt;\r\n&lt;p&gt;&amp;nbsp; &amp;nbsp; &amp;nbsp; &amp;nbsp; &amp;nbsp; &amp;nbsp; // Initialize syntax highlighting&lt;/p&gt;\r\n&lt;p&gt;&amp;nbsp; &amp;nbsp; &amp;nbsp; &amp;nbsp; &amp;nbsp; &amp;nbsp; hljs.highlightAll();&lt;/p&gt;\r\n&lt;p&gt;&amp;nbsp; &amp;nbsp; &amp;nbsp; &amp;nbsp; &amp;nbsp; &amp;nbsp;&amp;nbsp;&lt;/p&gt;\r\n&lt;p&gt;&amp;nbsp; &amp;nbsp; &amp;nbsp; &amp;nbsp; &amp;nbsp; &amp;nbsp; // Initialize video player&lt;/p&gt;\r\n&lt;p&gt;&amp;nbsp; &amp;nbsp; &amp;nbsp; &amp;nbsp; &amp;nbsp; &amp;nbsp; const player = videojs(&#039;lesson-video&#039;);&lt;/p&gt;\r\n&lt;p&gt;&amp;nbsp; &amp;nbsp; &amp;nbsp; &amp;nbsp; &amp;nbsp; &amp;nbsp;&amp;nbsp;&lt;/p&gt;\r\n&lt;p&gt;&amp;nbsp; &amp;nbsp; &amp;nbsp; &amp;nbsp; &amp;nbsp; &amp;nbsp; // Handle lesson selection from sidebar&lt;/p&gt;\r\n&lt;p&gt;&amp;nbsp; &amp;nbsp; &amp;nbsp; &amp;nbsp; &amp;nbsp; &amp;nbsp; $(&#039;#playlist li&#039;).click(function(){&lt;/p&gt;\r\n&lt;p&gt;&amp;nbsp; &amp;nbsp; &amp;nbsp; &amp;nbsp; &amp;nbsp; &amp;nbsp; &amp;nbsp; &amp;nbsp; const lessonId = $(this).data(&#039;lesson-id&#039;);&lt;/p&gt;\r\n&lt;p&gt;&amp;nbsp; &amp;nbsp; &amp;nbsp; &amp;nbsp; &amp;nbsp; &amp;nbsp; &amp;nbsp; &amp;nbsp; if(lessonId) {&lt;/p&gt;\r\n&lt;p&gt;&amp;nbsp; &amp;nbsp; &amp;nbsp; &amp;nbsp; &amp;nbsp; &amp;nbsp; &amp;nbsp; &amp;nbsp; &amp;nbsp; &amp;nbsp; window.location.href = &#039;watchCourse.php?course_id=&amp;lt;?php echo $course_id; ?&amp;gt;&amp;amp;lesson_id=&#039; + lessonId;&lt;/p&gt;\r\n&lt;p&gt;&amp;nbsp; &amp;nbsp; &amp;nbsp; &amp;nbsp; &amp;nbsp; &amp;nbsp; &amp;nbsp; &amp;nbsp; }&lt;/p&gt;\r\n&lt;p&gt;&amp;nbsp; &amp;nbsp; &amp;nbsp; &amp;nbsp; &amp;nbsp; &amp;nbsp; });&lt;/p&gt;\r\n&lt;p&gt;&amp;nbsp; &amp;nbsp; &amp;nbsp; &amp;nbsp; &amp;nbsp; &amp;nbsp;&amp;nbsp;&lt;/p&gt;\r\n&lt;p&gt;&amp;nbsp; &amp;nbsp; &amp;nbsp; &amp;nbsp; &amp;nbsp; &amp;nbsp; // Keyboard navigation&lt;/p&gt;\r\n&lt;p&gt;&amp;nbsp; &amp;nbsp; &amp;nbsp; &amp;nbsp; &amp;nbsp; &amp;nbsp; $(document).keydown(function(e){&lt;/p&gt;\r\n&lt;p&gt;&amp;nbsp; &amp;nbsp; &amp;nbsp; &amp;nbsp; &amp;nbsp; &amp;nbsp; &amp;nbsp; &amp;nbsp; if(e.key === &#039;ArrowUp&#039;) { // Up arrow&lt;/p&gt;\r\n&lt;p&gt;&amp;nbsp; &amp;nbsp; &amp;nbsp; &amp;nbsp; &amp;nbsp; &amp;nbsp; &amp;nbsp; &amp;nbsp; &amp;nbsp; &amp;nbsp; const current = $(&#039;#playlist li.active&#039;);&lt;/p&gt;\r\n&lt;p&gt;&amp;nbsp; &amp;nbsp; &amp;nbsp; &amp;nbsp; &amp;nbsp; &amp;nbsp; &amp;nbsp; &amp;nbsp; &amp;nbsp; &amp;nbsp; if(current.prev(&#039;li&#039;).length) {&lt;/p&gt;\r\n&lt;p&gt;&amp;nbsp; &amp;nbsp; &amp;nbsp; &amp;nbsp; &amp;nbsp; &amp;nbsp; &amp;nbsp; &amp;nbsp; &amp;nbsp; &amp;nbsp; &amp;nbsp; &amp;nbsp; const prevLessonId = current.prev(&#039;li&#039;).data(&#039;lesson-id&#039;);&lt;/p&gt;\r\n&lt;p&gt;&amp;nbsp; &amp;nbsp; &amp;nbsp; &amp;nbsp; &amp;nbsp; &amp;nbsp; &amp;nbsp; &amp;nbsp; &amp;nbsp; &amp;nbsp; &amp;nbsp; &amp;nbsp; window.location.href = &#039;watchCourse.php?course_id=&amp;lt;?php echo $course_id; ?&amp;gt;&amp;amp;lesson_id=&#039; + prevLessonId;&lt;/p&gt;\r\n&lt;p&gt;&amp;nbsp; &amp;nbsp; &amp;nbsp; &amp;nbsp; &amp;nbsp; &amp;nbsp; &amp;nbsp; &amp;nbsp; &amp;nbsp; &amp;nbsp; }&lt;/p&gt;\r\n&lt;p&gt;&amp;nbsp; &amp;nbsp; &amp;nbsp; &amp;nbsp; &amp;nbsp; &amp;nbsp; &amp;nbsp; &amp;nbsp; &amp;nbsp; &amp;nbsp; e.preventDefault();&lt;/p&gt;\r\n&lt;p&gt;&amp;nbsp; &amp;nbsp; &amp;nbsp; &amp;nbsp; &amp;nbsp; &amp;nbsp; &amp;nbsp; &amp;nbsp; }&lt;/p&gt;\r\n&lt;p&gt;&amp;nbsp; &amp;nbsp; &amp;nbsp; &amp;nbsp; &amp;nbsp; &amp;nbsp; &amp;nbsp; &amp;nbsp; if(e.key === &#039;ArrowDown&#039;) { // Down arrow&lt;/p&gt;\r\n&lt;p&gt;&amp;nbsp; &amp;nbsp; &amp;nbsp; &amp;nbsp; &amp;nbsp; &amp;nbsp; &amp;nbsp; &amp;nbsp; &amp;nbsp; &amp;nbsp; const current = $(&#039;#playlist li.active&#039;);&lt;/p&gt;\r\n&lt;p&gt;&amp;nbsp; &amp;nbsp; &amp;nbsp; &amp;nbsp; &amp;nbsp; &amp;nbsp; &amp;nbsp; &amp;nbsp; &amp;nbsp; &amp;nbsp; if(current.next(&#039;li&#039;).length) {&lt;/p&gt;\r\n&lt;p&gt;&amp;nbsp; &amp;nbsp; &amp;nbsp; &amp;nbsp; &amp;nbsp; &amp;nbsp; &amp;nbsp; &amp;nbsp; &amp;nbsp; &amp;nbsp; &amp;nbsp; &amp;nbsp; const nextLessonId = current.next(&#039;li&#039;).data(&#039;lesson-id&#039;);&lt;/p&gt;\r\n&lt;p&gt;&amp;nbsp; &amp;nbsp; &amp;nbsp; &amp;nbsp; &amp;nbsp; &amp;nbsp; &amp;nbsp; &amp;nbsp; &amp;nbsp; &amp;nbsp; &amp;nbsp; &amp;nbsp; window.location.href = &#039;watchCourse.php?course_id=&amp;lt;?php echo $course_id; ?&amp;gt;&amp;amp;lesson_id=&#039; + nextLessonId;&lt;/p&gt;\r\n&lt;p&gt;&amp;nbsp; &amp;nbsp; &amp;nbsp; &amp;nbsp; &amp;nbsp; &amp;nbsp; &amp;nbsp; &amp;nbsp; &amp;nbsp; &amp;nbsp; }&lt;/p&gt;\r\n&lt;p&gt;&amp;nbsp; &amp;nbsp; &amp;nbsp; &amp;nbsp; &amp;nbsp; &amp;nbsp; &amp;nbsp; &amp;nbsp; &amp;nbsp; &amp;nbsp; e.preventDefault();&lt;/p&gt;\r\n&lt;p&gt;&amp;nbsp; &amp;nbsp; &amp;nbsp; &amp;nbsp; &amp;nbsp; &amp;nbsp; &amp;nbsp; &amp;nbsp; }&lt;/p&gt;\r\n&lt;p&gt;&amp;nbsp; &amp;nbsp; &amp;nbsp; &amp;nbsp; &amp;nbsp; &amp;nbsp; &amp;nbsp; &amp;nbsp; if(e.key === &#039; &#039;) { // Spacebar to play/pause&lt;/p&gt;\r\n&lt;p&gt;&amp;nbsp; &amp;nbsp; &amp;nbsp; &amp;nbsp; &amp;nbsp; &amp;nbsp; &amp;nbsp; &amp;nbsp; &amp;nbsp; &amp;nbsp; if(player) {&lt;/p&gt;\r\n&lt;p&gt;&amp;nbsp; &amp;nbsp; &amp;nbsp; &amp;nbsp; &amp;nbsp; &amp;nbsp; &amp;nbsp; &amp;nbsp; &amp;nbsp; &amp;nbsp; &amp;nbsp; &amp;nbsp; if(player.paused()) {&lt;/p&gt;\r\n&lt;p&gt;&amp;nbsp; &amp;nbsp; &amp;nbsp; &amp;nbsp; &amp;nbsp; &amp;nbsp; &amp;nbsp; &amp;nbsp; &amp;nbsp; &amp;nbsp; &amp;nbsp; &amp;nbsp; &amp;nbsp; &amp;nbsp; player.play();&lt;/p&gt;\r\n&lt;p&gt;&amp;nbsp; &amp;nbsp; &amp;nbsp; &amp;nbsp; &amp;nbsp; &amp;nbsp; &amp;nbsp; &amp;nbsp; &amp;nbsp; &amp;nbsp; &amp;nbsp; &amp;nbsp; } else {&lt;/p&gt;\r\n&lt;p&gt;&amp;nbsp; &amp;nbsp; &amp;nbsp; &amp;nbsp; &amp;nbsp; &amp;nbsp; &amp;nbsp; &amp;nbsp; &amp;nbsp; &amp;nbsp; &amp;nbsp; &amp;nbsp; &amp;nbsp; &amp;nbsp; player.pause();&lt;/p&gt;\r\n&lt;p&gt;&amp;nbsp; &amp;nbsp; &amp;nbsp; &amp;nbsp; &amp;nbsp; &amp;nbsp; &amp;nbsp; &amp;nbsp; &amp;nbsp; &amp;nbsp; &amp;nbsp; &amp;nbsp; }&lt;/p&gt;\r\n&lt;p&gt;&amp;nbsp; &amp;nbsp; &amp;nbsp; &amp;nbsp; &amp;nbsp; &amp;nbsp; &amp;nbsp; &amp;nbsp; &amp;nbsp; &amp;nbsp; }&lt;/p&gt;\r\n&lt;p&gt;&amp;nbsp; &amp;nbsp; &amp;nbsp; &amp;nbsp; &amp;nbsp; &amp;nbsp; &amp;nbsp; &amp;nbsp; &amp;nbsp; &amp;nbsp; e.preventDefault();&lt;/p&gt;\r\n&lt;p&gt;&amp;nbsp; &amp;nbsp; &amp;nbsp; &amp;nbsp; &amp;nbsp; &amp;nbsp; &amp;nbsp; &amp;nbsp; }&lt;/p&gt;\r\n&lt;p&gt;&amp;nbsp; &amp;nbsp; &amp;nbsp; &amp;nbsp; &amp;nbsp; &amp;nbsp; });&lt;/p&gt;\r\n&lt;p&gt;&amp;nbsp; &amp;nbsp; &amp;nbsp; &amp;nbsp; &amp;nbsp; &amp;nbsp;&amp;nbsp;&lt;/p&gt;\r\n&lt;p&gt;&amp;nbsp; &amp;nbsp; &amp;nbsp; &amp;nbsp; &amp;nbsp; &amp;nbsp; // Track video progress (would be saved to database in real implementation)&lt;/p&gt;\r\n&lt;p&gt;&amp;nbsp; &amp;nbsp; &amp;nbsp; &amp;nbsp; &amp;nbsp; &amp;nbsp; if(player) {&lt;/p&gt;\r\n&lt;p&gt;&amp;nbsp; &amp;nbsp; &amp;nbsp; &amp;nbsp; &amp;nbsp; &amp;nbsp; &amp;nbsp; &amp;nbsp; player.on(&#039;timeupdate&#039;, function() {&lt;/p&gt;\r\n&lt;p&gt;&amp;nbsp; &amp;nbsp; &amp;nbsp; &amp;nbsp; &amp;nbsp; &amp;nbsp; &amp;nbsp; &amp;nbsp; &amp;nbsp; &amp;nbsp; const percent = (player.currentTime() / player.duration()) * 100;&lt;/p&gt;\r\n&lt;p&gt;&amp;nbsp; &amp;nbsp; &amp;nbsp; &amp;nbsp; &amp;nbsp; &amp;nbsp; &amp;nbsp; &amp;nbsp; &amp;nbsp; &amp;nbsp; // Send this to server to track progress&lt;/p&gt;\r\n&lt;p&gt;&amp;nbsp; &amp;nbsp; &amp;nbsp; &amp;nbsp; &amp;nbsp; &amp;nbsp; &amp;nbsp; &amp;nbsp; });&lt;/p&gt;\r\n&lt;p&gt;&amp;nbsp; &amp;nbsp; &amp;nbsp; &amp;nbsp; &amp;nbsp; &amp;nbsp; &amp;nbsp; &amp;nbsp;&amp;nbsp;&lt;/p&gt;\r\n&lt;p&gt;&amp;nbsp; &amp;nbsp; &amp;nbsp; &amp;nbsp; &amp;nbsp; &amp;nbsp; &amp;nbsp; &amp;nbsp; player.on(&#039;ended&#039;, function() {&lt;/p&gt;\r\n&lt;p&gt;&amp;nbsp; &amp;nbsp; &amp;nbsp; &amp;nbsp; &amp;nbsp; &amp;nbsp; &amp;nbsp; &amp;nbsp; &amp;nbsp; &amp;nbsp; // Mark lesson as completed&lt;/p&gt;\r\n&lt;p&gt;&amp;nbsp; &amp;nbsp; &amp;nbsp; &amp;nbsp; &amp;nbsp; &amp;nbsp; &amp;nbsp; &amp;nbsp; &amp;nbsp; &amp;nbsp; const currentLesson = $(&#039;#playlist li.active&#039;);&lt;/p&gt;\r\n&lt;p&gt;&amp;nbsp; &amp;nbsp; &amp;nbsp; &amp;nbsp; &amp;nbsp; &amp;nbsp; &amp;nbsp; &amp;nbsp; &amp;nbsp; &amp;nbsp; currentLesson.addClass(&#039;completed&#039;);&lt;/p&gt;\r\n&lt;p&gt;&amp;nbsp; &amp;nbsp; &amp;nbsp; &amp;nbsp; &amp;nbsp; &amp;nbsp; &amp;nbsp; &amp;nbsp; &amp;nbsp; &amp;nbsp;&amp;nbsp;&lt;/p&gt;\r\n&lt;p&gt;&amp;nbsp; &amp;nbsp; &amp;nbsp; &amp;nbsp; &amp;nbsp; &amp;nbsp; &amp;nbsp; &amp;nbsp; &amp;nbsp; &amp;nbsp; // Send completion to server&lt;/p&gt;\r\n&lt;p&gt;&amp;nbsp; &amp;nbsp; &amp;nbsp; &amp;nbsp; &amp;nbsp; &amp;nbsp; &amp;nbsp; &amp;nbsp; &amp;nbsp; &amp;nbsp; const lessonId = currentLesson.data(&#039;lesson-id&#039;);&lt;/p&gt;\r\n&lt;p&gt;&amp;nbsp; &amp;nbsp; &amp;nbsp; &amp;nbsp; &amp;nbsp; &amp;nbsp; &amp;nbsp; &amp;nbsp; &amp;nbsp; &amp;nbsp; $.post(&#039;markLessonComplete.php&#039;, {&amp;nbsp;&lt;/p&gt;\r\n&lt;p&gt;&amp;nbsp; &amp;nbsp; &amp;nbsp; &amp;nbsp; &amp;nbsp; &amp;nbsp; &amp;nbsp; &amp;nbsp; &amp;nbsp; &amp;nbsp; &amp;nbsp; &amp;nbsp; lesson_id: lessonId,&lt;/p&gt;\r\n&lt;p&gt;&amp;nbsp; &amp;nbsp; &amp;nbsp; &amp;nbsp; &amp;nbsp; &amp;nbsp; &amp;nbsp; &amp;nbsp; &amp;nbsp; &amp;nbsp; &amp;nbsp; &amp;nbsp; course_id: &amp;lt;?php echo $course_id; ?&amp;gt;&lt;/p&gt;\r\n&lt;p&gt;&amp;nbsp; &amp;nbsp; &amp;nbsp; &amp;nbsp; &amp;nbsp; &amp;nbsp; &amp;nbsp; &amp;nbsp; &amp;nbsp; &amp;nbsp; });&lt;/p&gt;\r\n&lt;p&gt;&amp;nbsp; &amp;nbsp; &amp;nbsp; &amp;nbsp; &amp;nbsp; &amp;nbsp; &amp;nbsp; &amp;nbsp; });&lt;/p&gt;\r\n&lt;p&gt;&amp;nbsp; &amp;nbsp; &amp;nbsp; &amp;nbsp; &amp;nbsp; &amp;nbsp; }&lt;/p&gt;\r\n&lt;p&gt;&amp;nbsp; &amp;nbsp; &amp;nbsp; &amp;nbsp; &amp;nbsp; &amp;nbsp;&amp;nbsp;&lt;/p&gt;\r\n&lt;p&gt;&amp;nbsp; &amp;nbsp; &amp;nbsp; &amp;nbsp; &amp;nbsp; &amp;nbsp; // Set active lesson in playlist&lt;/p&gt;\r\n&lt;p&gt;&amp;nbsp; &amp;nbsp; &amp;nbsp; &amp;nbsp; &amp;nbsp; &amp;nbsp; const currentLessonId = &amp;lt;?php echo isset($current_lesson[&#039;lesson_id&#039;]) ? $current_lesson[&#039;lesson_id&#039;] : &#039;null&#039;; ?&amp;gt;;&lt;/p&gt;\r\n&lt;p&gt;&amp;nbsp; &amp;nbsp; &amp;nbsp; &amp;nbsp; &amp;nbsp; &amp;nbsp; if(currentLessonId) {&lt;/p&gt;\r\n&lt;p&gt;&amp;nbsp; &amp;nbsp; &amp;nbsp; &amp;nbsp; &amp;nbsp; &amp;nbsp; &amp;nbsp; &amp;nbsp; $(&#039;#playlist li&#039;).removeClass(&#039;active&#039;);&lt;/p&gt;\r\n&lt;p&gt;&amp;nbsp; &amp;nbsp; &amp;nbsp; &amp;nbsp; &amp;nbsp; &amp;nbsp; &amp;nbsp; &amp;nbsp; $(`#playlist li[data-lesson-id=&quot;${currentLessonId}&quot;]`).addClass(&#039;active&#039;);&lt;/p&gt;\r\n&lt;p&gt;&amp;nbsp; &amp;nbsp; &amp;nbsp; &amp;nbsp; &amp;nbsp; &amp;nbsp; &amp;nbsp; &amp;nbsp;&amp;nbsp;&lt;/p&gt;\r\n&lt;p&gt;&amp;nbsp; &amp;nbsp; &amp;nbsp; &amp;nbsp; &amp;nbsp; &amp;nbsp; &amp;nbsp; &amp;nbsp; // Scroll to active lesson in sidebar&lt;/p&gt;\r\n&lt;p&gt;&amp;nbsp; &amp;nbsp; &amp;nbsp; &amp;nbsp; &amp;nbsp; &amp;nbsp; &amp;nbsp; &amp;nbsp; const activeLesson = $(`#playlist li[data-lesson-id=&quot;${currentLessonId}&quot;]`);&lt;/p&gt;\r\n&lt;p&gt;&amp;nbsp; &amp;nbsp; &amp;nbsp; &amp;nbsp; &amp;nbsp; &amp;nbsp; &amp;nbsp; &amp;nbsp; if(activeLesson.length) {&lt;/p&gt;\r\n&lt;p&gt;&amp;nbsp; &amp;nbsp; &amp;nbsp; &amp;nbsp; &amp;nbsp; &amp;nbsp; &amp;nbsp; &amp;nbsp; &amp;nbsp; &amp;nbsp; const sidebar = $(&#039;.lesson&#039;);&lt;/p&gt;\r\n&lt;p&gt;&amp;nbsp; &amp;nbsp; &amp;nbsp; &amp;nbsp; &amp;nbsp; &amp;nbsp; &amp;nbsp; &amp;nbsp; &amp;nbsp; &amp;nbsp; const sidebarScroll = sidebar.scrollTop();&lt;/p&gt;\r\n&lt;p&gt;&amp;nbsp; &amp;nbsp; &amp;nbsp; &amp;nbsp; &amp;nbsp; &amp;nbsp; &amp;nbsp; &amp;nbsp; &amp;nbsp; &amp;nbsp; const lessonOffset = activeLesson.offset().top - sidebar.offset().top + sidebarScroll;&lt;/p&gt;\r\n&lt;p&gt;&amp;nbsp; &amp;nbsp; &amp;nbsp; &amp;nbsp; &amp;nbsp; &amp;nbsp; &amp;nbsp; &amp;nbsp; &amp;nbsp; &amp;nbsp;&amp;nbsp;&lt;/p&gt;\r\n&lt;p&gt;&amp;nbsp; &amp;nbsp; &amp;nbsp; &amp;nbsp; &amp;nbsp; &amp;nbsp; &amp;nbsp; &amp;nbsp; &amp;nbsp; &amp;nbsp; sidebar.animate({&lt;/p&gt;\r\n&lt;p&gt;&amp;nbsp; &amp;nbsp; &amp;nbsp; &amp;nbsp; &amp;nbsp; &amp;nbsp; &amp;nbsp; &amp;nbsp; &amp;nbsp; &amp;nbsp; &amp;nbsp; &amp;nbsp; scrollTop: lessonOffset - 100&lt;/p&gt;\r\n&lt;p&gt;&amp;nbsp; &amp;nbsp; &amp;nbsp; &amp;nbsp; &amp;nbsp; &amp;nbsp; &amp;nbsp; &amp;nbsp; &amp;nbsp; &amp;nbsp; }, 500);&lt;/p&gt;\r\n&lt;p&gt;&amp;nbsp; &amp;nbsp; &amp;nbsp; &amp;nbsp; &amp;nbsp; &amp;nbsp; &amp;nbsp; &amp;nbsp; }&lt;/p&gt;\r\n&lt;p&gt;&amp;nbsp; &amp;nbsp; &amp;nbsp; &amp;nbsp; &amp;nbsp; &amp;nbsp; }&lt;/p&gt;\r\n&lt;p&gt;&amp;nbsp; &amp;nbsp; &amp;nbsp; &amp;nbsp; });&lt;/p&gt;\r\n&lt;p&gt;&amp;nbsp; &amp;nbsp; &amp;lt;/script&amp;gt;&lt;/p&gt;\r\n&lt;p&gt;&amp;lt;/body&amp;gt;&lt;/p&gt;\r\n&lt;p&gt;&amp;lt;/html&amp;gt;&lt;/p&gt;', '../lessonVID/6806c4eff30538.77075731.mp4', '../lessonThumbs/6806c4f00202e1.92608503.jpg', NULL, 7, 'HTML,CSS Full Course', 60, 6);
INSERT INTO `lesson` (`lesson_id`, `lesson_name`, `lesson_desc`, `lesson_content`, `lesson_link`, `lesson_thumbnail`, `attachments`, `course_id`, `course_name`, `lesson_duration`, `lesson_order`) VALUES
(13, 'ط§ظ„ط¯ط±ط³ ط§ظ„ط±ط§ط¨ط¹', '                &lt;img src=&quot;./pic/logo.png&quot; alt=&quot;Logo&quot; class=&quot;h-10 w-10&quot;&gt;', '<h2>Lesson Content</h2>\r\n<p>Add your detailed lesson content here...</p>\r\n<p>&nbsp;</p>\r\n<p>&nbsp;</p>\r\n<p>&nbsp; &nbsp; &lt;style&gt;</p>\r\n<p>&nbsp; &nbsp; &nbsp; &nbsp; :root {</p>\r\n<p>&nbsp; &nbsp; &nbsp; &nbsp; &nbsp; &nbsp; --primary: #4f46e5;</p>\r\n<p>&nbsp; &nbsp; &nbsp; &nbsp; &nbsp; &nbsp; --primary-light: #6366f1;</p>\r\n<p>&nbsp; &nbsp; &nbsp; &nbsp; &nbsp; &nbsp; --primary-dark: #4338ca;</p>\r\n<p>&nbsp; &nbsp; &nbsp; &nbsp; &nbsp; &nbsp; --secondary: #10b981;</p>\r\n<p>&nbsp; &nbsp; &nbsp; &nbsp; &nbsp; &nbsp; --danger: #ef4444;</p>\r\n<p>&nbsp; &nbsp; &nbsp; &nbsp; &nbsp; &nbsp; --warning: #f59e0b;</p>\r\n<p>&nbsp; &nbsp; &nbsp; &nbsp; &nbsp; &nbsp; --dark: #1e293b;</p>\r\n<p>&nbsp; &nbsp; &nbsp; &nbsp; &nbsp; &nbsp; --light: #f8fafc;</p>\r\n<p>&nbsp; &nbsp; &nbsp; &nbsp; &nbsp; &nbsp; --gray: #64748b;</p>\r\n<p>&nbsp; &nbsp; &nbsp; &nbsp; &nbsp; &nbsp; --gray-light: #e2e8f0;</p>\r\n<p>&nbsp; &nbsp; &nbsp; &nbsp; &nbsp; &nbsp;&nbsp;</p>\r\n<p>&nbsp; &nbsp; &nbsp; &nbsp; &nbsp; &nbsp; --shadow-sm: 0 1px 2px 0 rgb(0 0 0 / 0.05);</p>\r\n<p>&nbsp; &nbsp; &nbsp; &nbsp; &nbsp; &nbsp; --shadow: 0 1px 3px 0 rgb(0 0 0 / 0.1), 0 1px 2px -1px rgb(0 0 0 / 0.1);</p>\r\n<p>&nbsp; &nbsp; &nbsp; &nbsp; &nbsp; &nbsp; --shadow-md: 0 4px 6px -1px rgb(0 0 0 / 0.1), 0 2px 4px -2px rgb(0 0 0 / 0.1);</p>\r\n<p>&nbsp; &nbsp; &nbsp; &nbsp; &nbsp; &nbsp; --shadow-lg: 0 10px 15px -3px rgb(0 0 0 / 0.1), 0 4px 6px -4px rgb(0 0 0 / 0.1);</p>\r\n<p>&nbsp; &nbsp; &nbsp; &nbsp; &nbsp; &nbsp;&nbsp;</p>\r\n<p>&nbsp; &nbsp; &nbsp; &nbsp; &nbsp; &nbsp; --rounded-sm: 0.125rem;</p>\r\n<p>&nbsp; &nbsp; &nbsp; &nbsp; &nbsp; &nbsp; --rounded: 0.25rem;</p>\r\n<p>&nbsp; &nbsp; &nbsp; &nbsp; &nbsp; &nbsp; --rounded-md: 0.375rem;</p>\r\n<p>&nbsp; &nbsp; &nbsp; &nbsp; &nbsp; &nbsp; --rounded-lg: 0.5rem;</p>\r\n<p>&nbsp; &nbsp; &nbsp; &nbsp; &nbsp; &nbsp; --rounded-xl: 0.75rem;</p>\r\n<p>&nbsp; &nbsp; &nbsp; &nbsp; &nbsp; &nbsp; --rounded-2xl: 1rem;</p>\r\n<p>&nbsp; &nbsp; &nbsp; &nbsp; }</p>\r\n<p>&nbsp; &nbsp; &nbsp; &nbsp;&nbsp;</p>\r\n<p>&nbsp; &nbsp; &nbsp; &nbsp; * {</p>\r\n<p>&nbsp; &nbsp; &nbsp; &nbsp; &nbsp; &nbsp; margin: 0;</p>\r\n<p>&nbsp; &nbsp; &nbsp; &nbsp; &nbsp; &nbsp; padding: 0;</p>\r\n<p>&nbsp; &nbsp; &nbsp; &nbsp; &nbsp; &nbsp; box-sizing: border-box;</p>\r\n<p>&nbsp; &nbsp; &nbsp; &nbsp; }</p>\r\n<p>&nbsp; &nbsp; &nbsp; &nbsp;&nbsp;</p>\r\n<p>&nbsp; &nbsp; &nbsp; &nbsp; body {</p>\r\n<p>&nbsp; &nbsp; &nbsp; &nbsp; &nbsp; &nbsp; font-family: \'Inter\', sans-serif;</p>\r\n<p>&nbsp; &nbsp; &nbsp; &nbsp; &nbsp; &nbsp; background-color: #f1f5f9;</p>\r\n<p>&nbsp; &nbsp; &nbsp; &nbsp; &nbsp; &nbsp; color: var(--dark);</p>\r\n<p>&nbsp; &nbsp; &nbsp; &nbsp; &nbsp; &nbsp; line-height: 1.5;</p>\r\n<p>&nbsp; &nbsp; &nbsp; &nbsp; }</p>\r\n<p>&nbsp; &nbsp; &nbsp; &nbsp;&nbsp;</p>\r\n<p>&nbsp; &nbsp; &nbsp; &nbsp; /* Sidebar Styles */</p>\r\n<p>&nbsp; &nbsp; &nbsp; &nbsp; .sidebar {</p>\r\n<p>&nbsp; &nbsp; &nbsp; &nbsp; &nbsp; &nbsp; width: 280px;</p>\r\n<p>&nbsp; &nbsp; &nbsp; &nbsp; &nbsp; &nbsp; background: white;</p>\r\n<p>&nbsp; &nbsp; &nbsp; &nbsp; &nbsp; &nbsp; height: 100vh;</p>\r\n<p>&nbsp; &nbsp; &nbsp; &nbsp; &nbsp; &nbsp; position: fixed;</p>\r\n<p>&nbsp; &nbsp; &nbsp; &nbsp; &nbsp; &nbsp; box-shadow: var(--shadow-md);</p>\r\n<p>&nbsp; &nbsp; &nbsp; &nbsp; &nbsp; &nbsp; transition: all 0.3s;</p>\r\n<p>&nbsp; &nbsp; &nbsp; &nbsp; &nbsp; &nbsp; z-index: 50;</p>\r\n<p>&nbsp; &nbsp; &nbsp; &nbsp; }</p>\r\n<p>&nbsp; &nbsp; &nbsp; &nbsp;&nbsp;</p>\r\n<p>&nbsp; &nbsp; &nbsp; &nbsp; .sidebar-collapsed {</p>\r\n<p>&nbsp; &nbsp; &nbsp; &nbsp; &nbsp; &nbsp; width: 80px;</p>\r\n<p>&nbsp; &nbsp; &nbsp; &nbsp; }</p>\r\n<p>&nbsp; &nbsp; &nbsp; &nbsp;&nbsp;</p>\r\n<p>&nbsp; &nbsp; &nbsp; &nbsp; .sidebar-menu {</p>\r\n<p>&nbsp; &nbsp; &nbsp; &nbsp; &nbsp; &nbsp; padding: 1rem 0;</p>\r\n<p>&nbsp; &nbsp; &nbsp; &nbsp; }</p>\r\n<p>&nbsp; &nbsp; &nbsp; &nbsp;&nbsp;</p>\r\n<p>&nbsp; &nbsp; &nbsp; &nbsp; .sidebar-item {</p>\r\n<p>&nbsp; &nbsp; &nbsp; &nbsp; &nbsp; &nbsp; display: flex;</p>\r\n<p>&nbsp; &nbsp; &nbsp; &nbsp; &nbsp; &nbsp; align-items: center;</p>\r\n<p>&nbsp; &nbsp; &nbsp; &nbsp; &nbsp; &nbsp; padding: 0.75rem 1.5rem;</p>\r\n<p>&nbsp; &nbsp; &nbsp; &nbsp; &nbsp; &nbsp; margin: 0 0.5rem;</p>\r\n<p>&nbsp; &nbsp; &nbsp; &nbsp; &nbsp; &nbsp; color: var(--gray);</p>\r\n<p>&nbsp; &nbsp; &nbsp; &nbsp; &nbsp; &nbsp; border-radius: var(--rounded-lg);</p>\r\n<p>&nbsp; &nbsp; &nbsp; &nbsp; &nbsp; &nbsp; transition: all 0.2s;</p>\r\n<p>&nbsp; &nbsp; &nbsp; &nbsp; &nbsp; &nbsp; text-decoration: none;</p>\r\n<p>&nbsp; &nbsp; &nbsp; &nbsp; }</p>\r\n<p>&nbsp; &nbsp; &nbsp; &nbsp;&nbsp;</p>\r\n<p>&nbsp; &nbsp; &nbsp; &nbsp; .sidebar-item:hover {</p>\r\n<p>&nbsp; &nbsp; &nbsp; &nbsp; &nbsp; &nbsp; background-color: var(--gray-light);</p>\r\n<p>&nbsp; &nbsp; &nbsp; &nbsp; &nbsp; &nbsp; color: var(--primary);</p>\r\n<p>&nbsp; &nbsp; &nbsp; &nbsp; }</p>\r\n<p>&nbsp; &nbsp; &nbsp; &nbsp;&nbsp;</p>\r\n<p>&nbsp; &nbsp; &nbsp; &nbsp; .sidebar-item.active {</p>\r\n<p>&nbsp; &nbsp; &nbsp; &nbsp; &nbsp; &nbsp; background-color: rgba(79, 70, 229, 0.1);</p>\r\n<p>&nbsp; &nbsp; &nbsp; &nbsp; &nbsp; &nbsp; color: var(--primary);</p>\r\n<p>&nbsp; &nbsp; &nbsp; &nbsp; &nbsp; &nbsp; font-weight: 500;</p>\r\n<p>&nbsp; &nbsp; &nbsp; &nbsp; }</p>\r\n<p>&nbsp; &nbsp; &nbsp; &nbsp;&nbsp;</p>\r\n<p>&nbsp; &nbsp; &nbsp; &nbsp; .sidebar-item i {</p>\r\n<p>&nbsp; &nbsp; &nbsp; &nbsp; &nbsp; &nbsp; margin-right: 1rem;</p>\r\n<p>&nbsp; &nbsp; &nbsp; &nbsp; &nbsp; &nbsp; width: 24px;</p>\r\n<p>&nbsp; &nbsp; &nbsp; &nbsp; &nbsp; &nbsp; text-align: center;</p>\r\n<p>&nbsp; &nbsp; &nbsp; &nbsp; }</p>\r\n<p>&nbsp; &nbsp; &nbsp; &nbsp;&nbsp;</p>\r\n<p>&nbsp; &nbsp; &nbsp; &nbsp; .sidebar-item-text {</p>\r\n<p>&nbsp; &nbsp; &nbsp; &nbsp; &nbsp; &nbsp; white-space: nowrap;</p>\r\n<p>&nbsp; &nbsp; &nbsp; &nbsp; }</p>\r\n<p>&nbsp; &nbsp; &nbsp; &nbsp;&nbsp;</p>\r\n<p>&nbsp; &nbsp; &nbsp; &nbsp; .sidebar-collapsed .sidebar-item-text {</p>\r\n<p>&nbsp; &nbsp; &nbsp; &nbsp; &nbsp; &nbsp; display: none;</p>\r\n<p>&nbsp; &nbsp; &nbsp; &nbsp; }</p>\r\n<p>&nbsp; &nbsp; &nbsp; &nbsp;&nbsp;</p>\r\n<p>&nbsp; &nbsp; &nbsp; &nbsp; /* Main Content */</p>\r\n<p>&nbsp; &nbsp; &nbsp; &nbsp; .main-content {</p>\r\n<p>&nbsp; &nbsp; &nbsp; &nbsp; &nbsp; &nbsp; margin-left: 280px;</p>\r\n<p>&nbsp; &nbsp; &nbsp; &nbsp; &nbsp; &nbsp; transition: all 0.3s;</p>\r\n<p>&nbsp; &nbsp; &nbsp; &nbsp; &nbsp; &nbsp; min-height: 100vh;</p>\r\n<p>&nbsp; &nbsp; &nbsp; &nbsp; &nbsp; &nbsp; padding: 2rem;</p>\r\n<p>&nbsp; &nbsp; &nbsp; &nbsp; }</p>\r\n<p>&nbsp; &nbsp; &nbsp; &nbsp;&nbsp;</p>\r\n<p>&nbsp; &nbsp; &nbsp; &nbsp; .sidebar-collapsed + .main-content {</p>\r\n<p>&nbsp; &nbsp; &nbsp; &nbsp; &nbsp; &nbsp; margin-left: 80px;</p>\r\n<p>&nbsp; &nbsp; &nbsp; &nbsp; }</p>\r\n<p>&nbsp; &nbsp; &nbsp; &nbsp;&nbsp;</p>\r\n<p>&nbsp; &nbsp; &nbsp; &nbsp; /* Card Styles */</p>\r\n<p>&nbsp; &nbsp; &nbsp; &nbsp; .card {</p>\r\n<p>&nbsp; &nbsp; &nbsp; &nbsp; &nbsp; &nbsp; background: white;</p>\r\n<p>&nbsp; &nbsp; &nbsp; &nbsp; &nbsp; &nbsp; border-radius: var(--rounded-xl);</p>\r\n<p>&nbsp; &nbsp; &nbsp; &nbsp; &nbsp; &nbsp; box-shadow: var(--shadow-sm);</p>\r\n<p>&nbsp; &nbsp; &nbsp; &nbsp; &nbsp; &nbsp; padding: 2rem;</p>\r\n<p>&nbsp; &nbsp; &nbsp; &nbsp; &nbsp; &nbsp; margin-bottom: 2rem;</p>\r\n<p>&nbsp; &nbsp; &nbsp; &nbsp; }</p>\r\n<p>&nbsp; &nbsp; &nbsp; &nbsp;&nbsp;</p>\r\n<p>&nbsp; &nbsp; &nbsp; &nbsp; /* Form Styles */</p>\r\n<p>&nbsp; &nbsp; &nbsp; &nbsp; .form-group {</p>\r\n<p>&nbsp; &nbsp; &nbsp; &nbsp; &nbsp; &nbsp; margin-bottom: 1.5rem;</p>\r\n<p>&nbsp; &nbsp; &nbsp; &nbsp; }</p>\r\n<p>&nbsp; &nbsp; &nbsp; &nbsp;&nbsp;</p>\r\n<p>&nbsp; &nbsp; &nbsp; &nbsp; .form-label {</p>\r\n<p>&nbsp; &nbsp; &nbsp; &nbsp; &nbsp; &nbsp; display: block;</p>\r\n<p>&nbsp; &nbsp; &nbsp; &nbsp; &nbsp; &nbsp; margin-bottom: 0.5rem;</p>\r\n<p>&nbsp; &nbsp; &nbsp; &nbsp; &nbsp; &nbsp; font-weight: 500;</p>\r\n<p>&nbsp; &nbsp; &nbsp; &nbsp; &nbsp; &nbsp; color: var(--dark);</p>\r\n<p>&nbsp; &nbsp; &nbsp; &nbsp; }</p>\r\n<p>&nbsp; &nbsp; &nbsp; &nbsp;&nbsp;</p>\r\n<p>&nbsp; &nbsp; &nbsp; &nbsp; .form-control {</p>\r\n<p>&nbsp; &nbsp; &nbsp; &nbsp; &nbsp; &nbsp; width: 100%;</p>\r\n<p>&nbsp; &nbsp; &nbsp; &nbsp; &nbsp; &nbsp; padding: 0.75rem 1rem;</p>\r\n<p>&nbsp; &nbsp; &nbsp; &nbsp; &nbsp; &nbsp; border: 1px solid var(--gray-light);</p>\r\n<p>&nbsp; &nbsp; &nbsp; &nbsp; &nbsp; &nbsp; border-radius: var(--rounded);</p>\r\n<p>&nbsp; &nbsp; &nbsp; &nbsp; &nbsp; &nbsp; font-size: 1rem;</p>\r\n<p>&nbsp; &nbsp; &nbsp; &nbsp; &nbsp; &nbsp; transition: border-color 0.2s;</p>\r\n<p>&nbsp; &nbsp; &nbsp; &nbsp; }</p>\r\n<p>&nbsp; &nbsp; &nbsp; &nbsp;&nbsp;</p>\r\n<p>&nbsp; &nbsp; &nbsp; &nbsp; .form-control:focus {</p>\r\n<p>&nbsp; &nbsp; &nbsp; &nbsp; &nbsp; &nbsp; outline: none;</p>\r\n<p>&nbsp; &nbsp; &nbsp; &nbsp; &nbsp; &nbsp; border-color: var(--primary);</p>\r\n<p>&nbsp; &nbsp; &nbsp; &nbsp; &nbsp; &nbsp; box-shadow: 0 0 0 3px rgba(79, 70, 229, 0.1);</p>\r\n<p>&nbsp; &nbsp; &nbsp; &nbsp; }</p>\r\n<p>&nbsp; &nbsp; &nbsp; &nbsp;&nbsp;</p>\r\n<p>&nbsp; &nbsp; &nbsp; &nbsp; /* File Upload */</p>\r\n<p>&nbsp; &nbsp; &nbsp; &nbsp; .file-upload {</p>\r\n<p>&nbsp; &nbsp; &nbsp; &nbsp; &nbsp; &nbsp; border: 2px dashed var(--gray-light);</p>\r\n<p>&nbsp; &nbsp; &nbsp; &nbsp; &nbsp; &nbsp; border-radius: var(--rounded-lg);</p>\r\n<p>&nbsp; &nbsp; &nbsp; &nbsp; &nbsp; &nbsp; padding: 2rem;</p>\r\n<p>&nbsp; &nbsp; &nbsp; &nbsp; &nbsp; &nbsp; text-align: center;</p>\r\n<p>&nbsp; &nbsp; &nbsp; &nbsp; &nbsp; &nbsp; transition: all 0.2s;</p>\r\n<p>&nbsp; &nbsp; &nbsp; &nbsp; &nbsp; &nbsp; cursor: pointer;</p>\r\n<p>&nbsp; &nbsp; &nbsp; &nbsp; &nbsp; &nbsp; background: #f8fafc;</p>\r\n<p>&nbsp; &nbsp; &nbsp; &nbsp; }</p>\r\n<p>&nbsp; &nbsp; &nbsp; &nbsp;&nbsp;</p>\r\n<p>&nbsp; &nbsp; &nbsp; &nbsp; .file-upload:hover {</p>\r\n<p>&nbsp; &nbsp; &nbsp; &nbsp; &nbsp; &nbsp; border-color: var(--primary);</p>\r\n<p>&nbsp; &nbsp; &nbsp; &nbsp; &nbsp; &nbsp; background: rgba(79, 70, 229, 0.05);</p>\r\n<p>&nbsp; &nbsp; &nbsp; &nbsp; }</p>\r\n<p>&nbsp; &nbsp; &nbsp; &nbsp;&nbsp;</p>\r\n<p>&nbsp; &nbsp; &nbsp; &nbsp; .file-upload i {</p>\r\n<p>&nbsp; &nbsp; &nbsp; &nbsp; &nbsp; &nbsp; font-size: 2rem;</p>\r\n<p>&nbsp; &nbsp; &nbsp; &nbsp; &nbsp; &nbsp; color: var(--primary);</p>\r\n<p>&nbsp; &nbsp; &nbsp; &nbsp; &nbsp; &nbsp; margin-bottom: 0.5rem;</p>\r\n<p>&nbsp; &nbsp; &nbsp; &nbsp; }</p>\r\n<p>&nbsp; &nbsp; &nbsp; &nbsp;&nbsp;</p>\r\n<p>&nbsp; &nbsp; &nbsp; &nbsp; .file-preview {</p>\r\n<p>&nbsp; &nbsp; &nbsp; &nbsp; &nbsp; &nbsp; margin-top: 1rem;</p>\r\n<p>&nbsp; &nbsp; &nbsp; &nbsp; &nbsp; &nbsp; display: none;</p>\r\n<p>&nbsp; &nbsp; &nbsp; &nbsp; }</p>\r\n<p>&nbsp; &nbsp; &nbsp; &nbsp;&nbsp;</p>\r\n<p>&nbsp; &nbsp; &nbsp; &nbsp; /* Buttons */</p>\r\n<p>&nbsp; &nbsp; &nbsp; &nbsp; .btn {</p>\r\n<p>&nbsp; &nbsp; &nbsp; &nbsp; &nbsp; &nbsp; display: inline-flex;</p>\r\n<p>&nbsp; &nbsp; &nbsp; &nbsp; &nbsp; &nbsp; align-items: center;</p>\r\n<p>&nbsp; &nbsp; &nbsp; &nbsp; &nbsp; &nbsp; justify-content: center;</p>\r\n<p>&nbsp; &nbsp; &nbsp; &nbsp; &nbsp; &nbsp; padding: 0.75rem 1.5rem;</p>\r\n<p>&nbsp; &nbsp; &nbsp; &nbsp; &nbsp; &nbsp; border-radius: var(--rounded);</p>\r\n<p>&nbsp; &nbsp; &nbsp; &nbsp; &nbsp; &nbsp; font-weight: 500;</p>\r\n<p>&nbsp; &nbsp; &nbsp; &nbsp; &nbsp; &nbsp; transition: all 0.2s;</p>\r\n<p>&nbsp; &nbsp; &nbsp; &nbsp; &nbsp; &nbsp; cursor: pointer;</p>\r\n<p>&nbsp; &nbsp; &nbsp; &nbsp; &nbsp; &nbsp; border: none;</p>\r\n<p>&nbsp; &nbsp; &nbsp; &nbsp; &nbsp; &nbsp; gap: 0.5rem;</p>\r\n<p>&nbsp; &nbsp; &nbsp; &nbsp; }</p>\r\n<p>&nbsp; &nbsp; &nbsp; &nbsp;&nbsp;</p>\r\n<p>&nbsp; &nbsp; &nbsp; &nbsp; .btn-primary {</p>\r\n<p>&nbsp; &nbsp; &nbsp; &nbsp; &nbsp; &nbsp; background-color: var(--primary);</p>\r\n<p>&nbsp; &nbsp; &nbsp; &nbsp; &nbsp; &nbsp; color: white;</p>\r\n<p>&nbsp; &nbsp; &nbsp; &nbsp; }</p>\r\n<p>&nbsp; &nbsp; &nbsp; &nbsp;&nbsp;</p>\r\n<p>&nbsp; &nbsp; &nbsp; &nbsp; .btn-primary:hover {</p>\r\n<p>&nbsp; &nbsp; &nbsp; &nbsp; &nbsp; &nbsp; background-color: var(--primary-dark);</p>\r\n<p>&nbsp; &nbsp; &nbsp; &nbsp; }</p>\r\n<p>&nbsp; &nbsp; &nbsp; &nbsp;&nbsp;</p>\r\n<p>&nbsp; &nbsp; &nbsp; &nbsp; .btn-outline {</p>\r\n<p>&nbsp; &nbsp; &nbsp; &nbsp; &nbsp; &nbsp; background: transparent;</p>\r\n<p>&nbsp; &nbsp; &nbsp; &nbsp; &nbsp; &nbsp; border: 1px solid var(--gray-light);</p>\r\n<p>&nbsp; &nbsp; &nbsp; &nbsp; &nbsp; &nbsp; color: var(--dark);</p>\r\n<p>&nbsp; &nbsp; &nbsp; &nbsp; }</p>\r\n<p>&nbsp; &nbsp; &nbsp; &nbsp;&nbsp;</p>\r\n<p>&nbsp; &nbsp; &nbsp; &nbsp; .btn-outline:hover {</p>\r\n<p>&nbsp; &nbsp; &nbsp; &nbsp; &nbsp; &nbsp; background: var(--gray-light);</p>\r\n<p>&nbsp; &nbsp; &nbsp; &nbsp; }</p>\r\n<p>&nbsp; &nbsp; &nbsp; &nbsp;&nbsp;</p>\r\n<p>&nbsp; &nbsp; &nbsp; &nbsp; /* Alert Messages */</p>\r\n<p>&nbsp; &nbsp; &nbsp; &nbsp; .alert {</p>\r\n<p>&nbsp; &nbsp; &nbsp; &nbsp; &nbsp; &nbsp; padding: 1rem;</p>\r\n<p>&nbsp; &nbsp; &nbsp; &nbsp; &nbsp; &nbsp; border-radius: var(--rounded);</p>\r\n<p>&nbsp; &nbsp; &nbsp; &nbsp; &nbsp; &nbsp; margin-bottom: 1.5rem;</p>\r\n<p>&nbsp; &nbsp; &nbsp; &nbsp; &nbsp; &nbsp; display: flex;</p>\r\n<p>&nbsp; &nbsp; &nbsp; &nbsp; &nbsp; &nbsp; align-items: center;</p>\r\n<p>&nbsp; &nbsp; &nbsp; &nbsp; &nbsp; &nbsp; gap: 0.75rem;</p>\r\n<p>&nbsp; &nbsp; &nbsp; &nbsp; }</p>\r\n<p>&nbsp; &nbsp; &nbsp; &nbsp;&nbsp;</p>\r\n<p>&nbsp; &nbsp; &nbsp; &nbsp; .alert-success {</p>\r\n<p>&nbsp; &nbsp; &nbsp; &nbsp; &nbsp; &nbsp; background-color: #ecfdf5;</p>\r\n<p>&nbsp; &nbsp; &nbsp; &nbsp; &nbsp; &nbsp; color: #065f46;</p>\r\n<p>&nbsp; &nbsp; &nbsp; &nbsp; &nbsp; &nbsp; border-left: 4px solid #10b981;</p>\r\n<p>&nbsp; &nbsp; &nbsp; &nbsp; }</p>\r\n<p>&nbsp; &nbsp; &nbsp; &nbsp;&nbsp;</p>\r\n<p>&nbsp; &nbsp; &nbsp; &nbsp; .alert-warning {</p>\r\n<p>&nbsp; &nbsp; &nbsp; &nbsp; &nbsp; &nbsp; background-color: #fffbeb;</p>\r\n<p>&nbsp; &nbsp; &nbsp; &nbsp; &nbsp; &nbsp; color: #92400e;</p>\r\n<p>&nbsp; &nbsp; &nbsp; &nbsp; &nbsp; &nbsp; border-left: 4px solid #f59e0b;</p>\r\n<p>&nbsp; &nbsp; &nbsp; &nbsp; }</p>\r\n<p>&nbsp; &nbsp; &nbsp; &nbsp;&nbsp;</p>\r\n<p>&nbsp; &nbsp; &nbsp; &nbsp; .alert-danger {</p>\r\n<p>&nbsp; &nbsp; &nbsp; &nbsp; &nbsp; &nbsp; background-color: #fef2f2;</p>\r\n<p>&nbsp; &nbsp; &nbsp; &nbsp; &nbsp; &nbsp; color: #b91c1c;</p>\r\n<p>&nbsp; &nbsp; &nbsp; &nbsp; &nbsp; &nbsp; border-left: 4px solid #ef4444;</p>\r\n<p>&nbsp; &nbsp; &nbsp; &nbsp; }</p>\r\n<p>&nbsp; &nbsp; &nbsp; &nbsp;&nbsp;</p>\r\n<p>&nbsp; &nbsp; &nbsp; &nbsp; /* Responsive Design */</p>\r\n<p>&nbsp; &nbsp; &nbsp; &nbsp; @media (max-width: 1024px) {</p>\r\n<p>&nbsp; &nbsp; &nbsp; &nbsp; &nbsp; &nbsp; .sidebar {</p>\r\n<p>&nbsp; &nbsp; &nbsp; &nbsp; &nbsp; &nbsp; &nbsp; &nbsp; width: 80px;</p>\r\n<p>&nbsp; &nbsp; &nbsp; &nbsp; &nbsp; &nbsp; }</p>\r\n<p>&nbsp; &nbsp; &nbsp; &nbsp; &nbsp; &nbsp;&nbsp;</p>\r\n<p>&nbsp; &nbsp; &nbsp; &nbsp; &nbsp; &nbsp; .sidebar-item-text {</p>\r\n<p>&nbsp; &nbsp; &nbsp; &nbsp; &nbsp; &nbsp; &nbsp; &nbsp; display: none;</p>\r\n<p>&nbsp; &nbsp; &nbsp; &nbsp; &nbsp; &nbsp; }</p>\r\n<p>&nbsp; &nbsp; &nbsp; &nbsp; &nbsp; &nbsp;&nbsp;</p>\r\n<p>&nbsp; &nbsp; &nbsp; &nbsp; &nbsp; &nbsp; .main-content {</p>\r\n<p>&nbsp; &nbsp; &nbsp; &nbsp; &nbsp; &nbsp; &nbsp; &nbsp; margin-left: 80px;</p>\r\n<p>&nbsp; &nbsp; &nbsp; &nbsp; &nbsp; &nbsp; }</p>\r\n<p>&nbsp; &nbsp; &nbsp; &nbsp; }</p>\r\n<p>&nbsp; &nbsp; &nbsp; &nbsp;&nbsp;</p>\r\n<p>&nbsp; &nbsp; &nbsp; &nbsp; @media (max-width: 768px) {</p>\r\n<p>&nbsp; &nbsp; &nbsp; &nbsp; &nbsp; &nbsp; .sidebar {</p>\r\n<p>&nbsp; &nbsp; &nbsp; &nbsp; &nbsp; &nbsp; &nbsp; &nbsp; transform: translateX(-100%);</p>\r\n<p>&nbsp; &nbsp; &nbsp; &nbsp; &nbsp; &nbsp; }</p>\r\n<p>&nbsp; &nbsp; &nbsp; &nbsp; &nbsp; &nbsp;&nbsp;</p>\r\n<p>&nbsp; &nbsp; &nbsp; &nbsp; &nbsp; &nbsp; .sidebar.active {</p>\r\n<p>&nbsp; &nbsp; &nbsp; &nbsp; &nbsp; &nbsp; &nbsp; &nbsp; transform: translateX(0);</p>\r\n<p>&nbsp; &nbsp; &nbsp; &nbsp; &nbsp; &nbsp; }</p>\r\n<p>&nbsp; &nbsp; &nbsp; &nbsp; &nbsp; &nbsp;&nbsp;</p>\r\n<p>&nbsp; &nbsp; &nbsp; &nbsp; &nbsp; &nbsp; .main-content {</p>\r\n<p>&nbsp; &nbsp; &nbsp; &nbsp; &nbsp; &nbsp; &nbsp; &nbsp; margin-left: 0;</p>\r\n<p>&nbsp; &nbsp; &nbsp; &nbsp; &nbsp; &nbsp; }</p>\r\n<p>&nbsp; &nbsp; &nbsp; &nbsp; &nbsp; &nbsp;&nbsp;</p>\r\n<p>&nbsp; &nbsp; &nbsp; &nbsp; &nbsp; &nbsp; .mobile-menu-btn {</p>\r\n<p>&nbsp; &nbsp; &nbsp; &nbsp; &nbsp; &nbsp; &nbsp; &nbsp; display: block;</p>\r\n<p>&nbsp; &nbsp; &nbsp; &nbsp; &nbsp; &nbsp; }</p>\r\n<p>&nbsp; &nbsp; &nbsp; &nbsp; }</p>\r\n<p>&nbsp; &nbsp; &nbsp; &nbsp;&nbsp;</p>\r\n<p>&nbsp; &nbsp; &nbsp; &nbsp; /* Animation */</p>\r\n<p>&nbsp; &nbsp; &nbsp; &nbsp; @keyframes fadeIn {</p>\r\n<p>&nbsp; &nbsp; &nbsp; &nbsp; &nbsp; &nbsp; from { opacity: 0; transform: translateY(10px); }</p>\r\n<p>&nbsp; &nbsp; &nbsp; &nbsp; &nbsp; &nbsp; to { opacity: 1; transform: translateY(0); }</p>\r\n<p>&nbsp; &nbsp; &nbsp; &nbsp; }</p>\r\n<p>&nbsp; &nbsp; &nbsp; &nbsp;&nbsp;</p>\r\n<p>&nbsp; &nbsp; &nbsp; &nbsp; .animate-fade {</p>\r\n<p>&nbsp; &nbsp; &nbsp; &nbsp; &nbsp; &nbsp; animation: fadeIn 0.3s ease-out;</p>\r\n<p>&nbsp; &nbsp; &nbsp; &nbsp; }</p>\r\n<p>&nbsp; &nbsp; &lt;/style&gt;</p>', '../lessonVID/6806c85f8b3b14.74288618.mp4', '../lessonThumbs/6806c85f8e1f64.05572206.jpg', '[{\"name\":\"\\u200e\\u2068  \\u0627\\u0644\\u0639\\u0631\\u0636 \\u0627\\u0644\\u0645\\u0628\\u062f\\u064a\\u0654\\u064a\\u2069.pdf\",\"path\":\"..\\/lessonAttachments\\/6806c85f92f7c8.15517349.pdf\",\"type\":\"pdf\"}]', 7, 'HTML,CSS Full Course', 60, 58),
(14, 'ط§ظ„ط¯ط±ط³ ط§ظ„ط¬ط¯ظٹط¯', '                &lt;img src=&quot;./pic/logo.png&quot; alt=&quot;Logo&quot; class=&quot;h-10 w-10&quot;&gt;', '<h2>Lesson Content</h2>\r\n<p>Add your detailed lesson cont&nbsp; &nbsp; &lt;style&gt;</p>\r\n<p>&nbsp; &nbsp; &nbsp; &nbsp; :root {</p>\r\n<p>&nbsp; &nbsp; &nbsp; &nbsp; &nbsp; &nbsp; --primary: #4f46e5;</p>\r\n<p>&nbsp; &nbsp; &nbsp; &nbsp; &nbsp; &nbsp; --primary-light: #6366f1;</p>\r\n<p>&nbsp; &nbsp; &nbsp; &nbsp; &nbsp; &nbsp; --primary-dark: #4338ca;</p>\r\n<p>&nbsp; &nbsp; &nbsp; &nbsp; &nbsp; &nbsp; --secondary: #10b981;</p>\r\n<p>&nbsp; &nbsp; &nbsp; &nbsp; &nbsp; &nbsp; --danger: #ef4444;</p>\r\n<p>&nbsp; &nbsp; &nbsp; &nbsp; &nbsp; &nbsp; --warning: #f59e0b;</p>\r\n<p>&nbsp; &nbsp; &nbsp; &nbsp; &nbsp; &nbsp; --dark: #1e293b;</p>\r\n<p>&nbsp; &nbsp; &nbsp; &nbsp; &nbsp; &nbsp; --light: #f8fafc;</p>\r\n<p>&nbsp; &nbsp; &nbsp; &nbsp; &nbsp; &nbsp; --gray: #64748b;</p>\r\n<p>&nbsp; &nbsp; &nbsp; &nbsp; &nbsp; &nbsp; --gray-light: #e2e8f0;</p>\r\n<p>&nbsp; &nbsp; &nbsp; &nbsp; &nbsp; &nbsp;&nbsp;</p>\r\n<p>&nbsp; &nbsp; &nbsp; &nbsp; &nbsp; &nbsp; --shadow-sm: 0 1px 2px 0 rgb(0 0 0 / 0.05);</p>\r\n<p>&nbsp; &nbsp; &nbsp; &nbsp; &nbsp; &nbsp; --shadow: 0 1px 3px 0 rgb(0 0 0 / 0.1), 0 1px 2px -1px rgb(0 0 0 / 0.1);</p>\r\n<p>&nbsp; &nbsp; &nbsp; &nbsp; &nbsp; &nbsp; --shadow-md: 0 4px 6px -1px rgb(0 0 0 / 0.1), 0 2px 4px -2px rgb(0 0 0 / 0.1);</p>\r\n<p>&nbsp; &nbsp; &nbsp; &nbsp; &nbsp; &nbsp; --shadow-lg: 0 10px 15px -3px rgb(0 0 0 / 0.1), 0 4px 6px -4px rgb(0 0 0 / 0.1);</p>\r\n<p>&nbsp; &nbsp; &nbsp; &nbsp; &nbsp; &nbsp;&nbsp;</p>\r\n<p>&nbsp; &nbsp; &nbsp; &nbsp; &nbsp; &nbsp; --rounded-sm: 0.125rem;</p>\r\n<p>&nbsp; &nbsp; &nbsp; &nbsp; &nbsp; &nbsp; --rounded: 0.25rem;</p>\r\n<p>&nbsp; &nbsp; &nbsp; &nbsp; &nbsp; &nbsp; --rounded-md: 0.375rem;</p>\r\n<p>&nbsp; &nbsp; &nbsp; &nbsp; &nbsp; &nbsp; --rounded-lg: 0.5rem;</p>\r\n<p>&nbsp; &nbsp; &nbsp; &nbsp; &nbsp; &nbsp; --rounded-xl: 0.75rem;</p>\r\n<p>&nbsp; &nbsp; &nbsp; &nbsp; &nbsp; &nbsp; --rounded-2xl: 1rem;</p>\r\n<p>&nbsp; &nbsp; &nbsp; &nbsp; }</p>\r\n<p>&nbsp; &nbsp; &nbsp; &nbsp;&nbsp;</p>\r\n<p>&nbsp; &nbsp; &nbsp; &nbsp; * {</p>\r\n<p>&nbsp; &nbsp; &nbsp; &nbsp; &nbsp; &nbsp; margin: 0;</p>\r\n<p>&nbsp; &nbsp; &nbsp; &nbsp; &nbsp; &nbsp; padding: 0;</p>\r\n<p>&nbsp; &nbsp; &nbsp; &nbsp; &nbsp; &nbsp; box-sizing: border-box;</p>\r\n<p>&nbsp; &nbsp; &nbsp; &nbsp; }</p>\r\n<p>&nbsp; &nbsp; &nbsp; &nbsp;&nbsp;</p>\r\n<p>&nbsp; &nbsp; &nbsp; &nbsp; body {</p>\r\n<p>&nbsp; &nbsp; &nbsp; &nbsp; &nbsp; &nbsp; font-family: \'Inter\', sans-serif;</p>\r\n<p>&nbsp; &nbsp; &nbsp; &nbsp; &nbsp; &nbsp; background-color: #f1f5f9;</p>\r\n<p>&nbsp; &nbsp; &nbsp; &nbsp; &nbsp; &nbsp; color: var(--dark);</p>\r\n<p>&nbsp; &nbsp; &nbsp; &nbsp; &nbsp; &nbsp; line-height: 1.5;</p>\r\n<p>&nbsp; &nbsp; &nbsp; &nbsp; }</p>\r\n<p>&nbsp; &nbsp; &nbsp; &nbsp;&nbsp;</p>\r\n<p>&nbsp; &nbsp; &nbsp; &nbsp; /* Sidebar Styles */</p>\r\n<p>&nbsp; &nbsp; &nbsp; &nbsp; .sidebar {</p>\r\n<p>&nbsp; &nbsp; &nbsp; &nbsp; &nbsp; &nbsp; width: 280px;</p>\r\n<p>&nbsp; &nbsp; &nbsp; &nbsp; &nbsp; &nbsp; background: white;</p>\r\n<p>&nbsp; &nbsp; &nbsp; &nbsp; &nbsp; &nbsp; height: 100vh;</p>\r\n<p>&nbsp; &nbsp; &nbsp; &nbsp; &nbsp; &nbsp; position: fixed;</p>\r\n<p>&nbsp; &nbsp; &nbsp; &nbsp; &nbsp; &nbsp; box-shadow: var(--shadow-md);</p>\r\n<p>&nbsp; &nbsp; &nbsp; &nbsp; &nbsp; &nbsp; transition: all 0.3s;</p>\r\n<p>&nbsp; &nbsp; &nbsp; &nbsp; &nbsp; &nbsp; z-index: 50;</p>\r\n<p>&nbsp; &nbsp; &nbsp; &nbsp; }</p>\r\n<p>&nbsp; &nbsp; &nbsp; &nbsp;&nbsp;</p>\r\n<p>&nbsp; &nbsp; &nbsp; &nbsp; .sidebar-collapsed {</p>\r\n<p>&nbsp; &nbsp; &nbsp; &nbsp; &nbsp; &nbsp; width: 80px;</p>\r\n<p>&nbsp; &nbsp; &nbsp; &nbsp; }</p>\r\n<p>&nbsp; &nbsp; &nbsp; &nbsp;&nbsp;</p>\r\n<p>&nbsp; &nbsp; &nbsp; &nbsp; .sidebar-menu {</p>\r\n<p>&nbsp; &nbsp; &nbsp; &nbsp; &nbsp; &nbsp; padding: 1rem 0;</p>\r\n<p>&nbsp; &nbsp; &nbsp; &nbsp; }</p>\r\n<p>&nbsp; &nbsp; &nbsp; &nbsp;&nbsp;</p>\r\n<p>&nbsp; &nbsp; &nbsp; &nbsp; .sidebar-item {</p>\r\n<p>&nbsp; &nbsp; &nbsp; &nbsp; &nbsp; &nbsp; display: flex;</p>\r\n<p>&nbsp; &nbsp; &nbsp; &nbsp; &nbsp; &nbsp; align-items: center;</p>\r\n<p>&nbsp; &nbsp; &nbsp; &nbsp; &nbsp; &nbsp; padding: 0.75rem 1.5rem;</p>\r\n<p>&nbsp; &nbsp; &nbsp; &nbsp; &nbsp; &nbsp; margin: 0 0.5rem;</p>\r\n<p>&nbsp; &nbsp; &nbsp; &nbsp; &nbsp; &nbsp; color: var(--gray);</p>\r\n<p>&nbsp; &nbsp; &nbsp; &nbsp; &nbsp; &nbsp; border-radius: var(--rounded-lg);</p>\r\n<p>&nbsp; &nbsp; &nbsp; &nbsp; &nbsp; &nbsp; transition: all 0.2s;</p>\r\n<p>&nbsp; &nbsp; &nbsp; &nbsp; &nbsp; &nbsp; text-decoration: none;</p>\r\n<p>&nbsp; &nbsp; &nbsp; &nbsp; }</p>\r\n<p>&nbsp; &nbsp; &nbsp; &nbsp;&nbsp;</p>\r\n<p>&nbsp; &nbsp; &nbsp; &nbsp; .sidebar-item:hover {</p>\r\n<p>&nbsp; &nbsp; &nbsp; &nbsp; &nbsp; &nbsp; background-color: var(--gray-light);</p>\r\n<p>&nbsp; &nbsp; &nbsp; &nbsp; &nbsp; &nbsp; color: var(--primary);</p>\r\n<p>&nbsp; &nbsp; &nbsp; &nbsp; }</p>\r\n<p>&nbsp; &nbsp; &nbsp; &nbsp;&nbsp;</p>\r\n<p>&nbsp; &nbsp; &nbsp; &nbsp; .sidebar-item.active {</p>\r\n<p>&nbsp; &nbsp; &nbsp; &nbsp; &nbsp; &nbsp; background-color: rgba(79, 70, 229, 0.1);</p>\r\n<p>&nbsp; &nbsp; &nbsp; &nbsp; &nbsp; &nbsp; color: var(--primary);</p>\r\n<p>&nbsp; &nbsp; &nbsp; &nbsp; &nbsp; &nbsp; font-weight: 500;</p>\r\n<p>&nbsp; &nbsp; &nbsp; &nbsp; }</p>\r\n<p>&nbsp; &nbsp; &nbsp; &nbsp;&nbsp;</p>\r\n<p>&nbsp; &nbsp; &nbsp; &nbsp; .sidebar-item i {</p>\r\n<p>&nbsp; &nbsp; &nbsp; &nbsp; &nbsp; &nbsp; margin-right: 1rem;</p>\r\n<p>&nbsp; &nbsp; &nbsp; &nbsp; &nbsp; &nbsp; width: 24px;</p>\r\n<p>&nbsp; &nbsp; &nbsp; &nbsp; &nbsp; &nbsp; text-align: center;</p>\r\n<p>&nbsp; &nbsp; &nbsp; &nbsp; }</p>\r\n<p>&nbsp; &nbsp; &nbsp; &nbsp;&nbsp;</p>\r\n<p>&nbsp; &nbsp; &nbsp; &nbsp; .sidebar-item-text {</p>\r\n<p>&nbsp; &nbsp; &nbsp; &nbsp; &nbsp; &nbsp; white-space: nowrap;</p>\r\n<p>&nbsp; &nbsp; &nbsp; &nbsp; }</p>\r\n<p>&nbsp; &nbsp; &nbsp; &nbsp;&nbsp;</p>\r\n<p>&nbsp; &nbsp; &nbsp; &nbsp; .sidebar-collapsed .sidebar-item-text {</p>\r\n<p>&nbsp; &nbsp; &nbsp; &nbsp; &nbsp; &nbsp; display: none;</p>\r\n<p>&nbsp; &nbsp; &nbsp; &nbsp; }</p>\r\n<p>&nbsp; &nbsp; &nbsp; &nbsp;&nbsp;</p>\r\n<p>&nbsp; &nbsp; &nbsp; &nbsp; /* Main Content */</p>\r\n<p>&nbsp; &nbsp; &nbsp; &nbsp; .main-content {</p>\r\n<p>&nbsp; &nbsp; &nbsp; &nbsp; &nbsp; &nbsp; margin-left: 280px;</p>\r\n<p>&nbsp; &nbsp; &nbsp; &nbsp; &nbsp; &nbsp; transition: all 0.3s;</p>\r\n<p>&nbsp; &nbsp; &nbsp; &nbsp; &nbsp; &nbsp; min-height: 100vh;</p>\r\n<p>&nbsp; &nbsp; &nbsp; &nbsp; &nbsp; &nbsp; padding: 2rem;</p>\r\n<p>&nbsp; &nbsp; &nbsp; &nbsp; }</p>\r\n<p>&nbsp; &nbsp; &nbsp; &nbsp;&nbsp;</p>\r\n<p>&nbsp; &nbsp; &nbsp; &nbsp; .sidebar-collapsed + .main-content {</p>\r\n<p>&nbsp; &nbsp; &nbsp; &nbsp; &nbsp; &nbsp; margin-left: 80px;</p>\r\n<p>&nbsp; &nbsp; &nbsp; &nbsp; }</p>\r\n<p>&nbsp; &nbsp; &nbsp; &nbsp;&nbsp;</p>\r\n<p>&nbsp; &nbsp; &nbsp; &nbsp; /* Card Styles */</p>\r\n<p>&nbsp; &nbsp; &nbsp; &nbsp; .card {</p>\r\n<p>&nbsp; &nbsp; &nbsp; &nbsp; &nbsp; &nbsp; background: white;</p>\r\n<p>&nbsp; &nbsp; &nbsp; &nbsp; &nbsp; &nbsp; border-radius: var(--rounded-xl);</p>\r\n<p>&nbsp; &nbsp; &nbsp; &nbsp; &nbsp; &nbsp; box-shadow: var(--shadow-sm);</p>\r\n<p>&nbsp; &nbsp; &nbsp; &nbsp; &nbsp; &nbsp; padding: 2rem;</p>\r\n<p>&nbsp; &nbsp; &nbsp; &nbsp; &nbsp; &nbsp; margin-bottom: 2rem;</p>\r\n<p>&nbsp; &nbsp; &nbsp; &nbsp; }</p>\r\n<p>&nbsp; &nbsp; &nbsp; &nbsp;&nbsp;</p>\r\n<p>&nbsp; &nbsp; &nbsp; &nbsp; /* Form Styles */</p>\r\n<p>&nbsp; &nbsp; &nbsp; &nbsp; .form-group {</p>\r\n<p>&nbsp; &nbsp; &nbsp; &nbsp; &nbsp; &nbsp; margin-bottom: 1.5rem;</p>\r\n<p>&nbsp; &nbsp; &nbsp; &nbsp; }</p>\r\n<p>&nbsp; &nbsp; &nbsp; &nbsp;&nbsp;</p>\r\n<p>&nbsp; &nbsp; &nbsp; &nbsp; .form-label {</p>\r\n<p>&nbsp; &nbsp; &nbsp; &nbsp; &nbsp; &nbsp; display: block;</p>\r\n<p>&nbsp; &nbsp; &nbsp; &nbsp; &nbsp; &nbsp; margin-bottom: 0.5rem;</p>\r\n<p>&nbsp; &nbsp; &nbsp; &nbsp; &nbsp; &nbsp; font-weight: 500;</p>\r\n<p>&nbsp; &nbsp; &nbsp; &nbsp; &nbsp; &nbsp; color: var(--dark);</p>\r\n<p>&nbsp; &nbsp; &nbsp; &nbsp; }</p>\r\n<p>&nbsp; &nbsp; &nbsp; &nbsp;&nbsp;</p>\r\n<p>&nbsp; &nbsp; &nbsp; &nbsp; .form-control {</p>\r\n<p>&nbsp; &nbsp; &nbsp; &nbsp; &nbsp; &nbsp; width: 100%;</p>\r\n<p>&nbsp; &nbsp; &nbsp; &nbsp; &nbsp; &nbsp; padding: 0.75rem 1rem;</p>\r\n<p>&nbsp; &nbsp; &nbsp; &nbsp; &nbsp; &nbsp; border: 1px solid var(--gray-light);</p>\r\n<p>&nbsp; &nbsp; &nbsp; &nbsp; &nbsp; &nbsp; border-radius: var(--rounded);</p>\r\n<p>&nbsp; &nbsp; &nbsp; &nbsp; &nbsp; &nbsp; font-size: 1rem;</p>\r\n<p>&nbsp; &nbsp; &nbsp; &nbsp; &nbsp; &nbsp; transition: border-color 0.2s;</p>\r\n<p>&nbsp; &nbsp; &nbsp; &nbsp; }</p>\r\n<p>&nbsp; &nbsp; &nbsp; &nbsp;&nbsp;</p>\r\n<p>&nbsp; &nbsp; &nbsp; &nbsp; .form-control:focus {</p>\r\n<p>&nbsp; &nbsp; &nbsp; &nbsp; &nbsp; &nbsp; outline: none;</p>\r\n<p>&nbsp; &nbsp; &nbsp; &nbsp; &nbsp; &nbsp; border-color: var(--primary);</p>\r\n<p>&nbsp; &nbsp; &nbsp; &nbsp; &nbsp; &nbsp; box-shadow: 0 0 0 3px rgba(79, 70, 229, 0.1);</p>\r\n<p>&nbsp; &nbsp; &nbsp; &nbsp; }</p>\r\n<p>&nbsp; &nbsp; &nbsp; &nbsp;&nbsp;</p>\r\n<p>&nbsp; &nbsp; &nbsp; &nbsp; /* File Upload */</p>\r\n<p>&nbsp; &nbsp; &nbsp; &nbsp; .file-upload {</p>\r\n<p>&nbsp; &nbsp; &nbsp; &nbsp; &nbsp; &nbsp; border: 2px dashed var(--gray-light);</p>\r\n<p>&nbsp; &nbsp; &nbsp; &nbsp; &nbsp; &nbsp; border-radius: var(--rounded-lg);</p>\r\n<p>&nbsp; &nbsp; &nbsp; &nbsp; &nbsp; &nbsp; padding: 2rem;</p>\r\n<p>&nbsp; &nbsp; &nbsp; &nbsp; &nbsp; &nbsp; text-align: center;</p>\r\n<p>&nbsp; &nbsp; &nbsp; &nbsp; &nbsp; &nbsp; transition: all 0.2s;</p>\r\n<p>&nbsp; &nbsp; &nbsp; &nbsp; &nbsp; &nbsp; cursor: pointer;</p>\r\n<p>&nbsp; &nbsp; &nbsp; &nbsp; &nbsp; &nbsp; background: #f8fafc;</p>\r\n<p>&nbsp; &nbsp; &nbsp; &nbsp; }</p>\r\n<p>&nbsp; &nbsp; &nbsp; &nbsp;&nbsp;</p>\r\n<p>&nbsp; &nbsp; &nbsp; &nbsp; .file-upload:hover {</p>\r\n<p>&nbsp; &nbsp; &nbsp; &nbsp; &nbsp; &nbsp; border-color: var(--primary);</p>\r\n<p>&nbsp; &nbsp; &nbsp; &nbsp; &nbsp; &nbsp; background: rgba(79, 70, 229, 0.05);</p>\r\n<p>&nbsp; &nbsp; &nbsp; &nbsp; }</p>\r\n<p>&nbsp; &nbsp; &nbsp; &nbsp;&nbsp;</p>\r\n<p>&nbsp; &nbsp; &nbsp; &nbsp; .file-upload i {</p>\r\n<p>&nbsp; &nbsp; &nbsp; &nbsp; &nbsp; &nbsp; font-size: 2rem;</p>\r\n<p>&nbsp; &nbsp; &nbsp; &nbsp; &nbsp; &nbsp; color: var(--primary);</p>\r\n<p>&nbsp; &nbsp; &nbsp; &nbsp; &nbsp; &nbsp; margin-bottom: 0.5rem;</p>\r\n<p>&nbsp; &nbsp; &nbsp; &nbsp; }</p>\r\n<p>&nbsp; &nbsp; &nbsp; &nbsp;&nbsp;</p>\r\n<p>&nbsp; &nbsp; &nbsp; &nbsp; .file-preview {</p>\r\n<p>&nbsp; &nbsp; &nbsp; &nbsp; &nbsp; &nbsp; margin-top: 1rem;</p>\r\n<p>&nbsp; &nbsp; &nbsp; &nbsp; &nbsp; &nbsp; display: none;</p>\r\n<p>&nbsp; &nbsp; &nbsp; &nbsp; }</p>\r\n<p>&nbsp; &nbsp; &nbsp; &nbsp;&nbsp;</p>\r\n<p>&nbsp; &nbsp; &nbsp; &nbsp; /* Buttons */</p>\r\n<p>&nbsp; &nbsp; &nbsp; &nbsp; .btn {</p>\r\n<p>&nbsp; &nbsp; &nbsp; &nbsp; &nbsp; &nbsp; display: inline-flex;</p>\r\n<p>&nbsp; &nbsp; &nbsp; &nbsp; &nbsp; &nbsp; align-items: center;</p>\r\n<p>&nbsp; &nbsp; &nbsp; &nbsp; &nbsp; &nbsp; justify-content: center;</p>\r\n<p>&nbsp; &nbsp; &nbsp; &nbsp; &nbsp; &nbsp; padding: 0.75rem 1.5rem;</p>\r\n<p>&nbsp; &nbsp; &nbsp; &nbsp; &nbsp; &nbsp; border-radius: var(--rounded);</p>\r\n<p>&nbsp; &nbsp; &nbsp; &nbsp; &nbsp; &nbsp; font-weight: 500;</p>\r\n<p>&nbsp; &nbsp; &nbsp; &nbsp; &nbsp; &nbsp; transition: all 0.2s;</p>\r\n<p>&nbsp; &nbsp; &nbsp; &nbsp; &nbsp; &nbsp; cursor: pointer;</p>\r\n<p>&nbsp; &nbsp; &nbsp; &nbsp; &nbsp; &nbsp; border: none;</p>\r\n<p>&nbsp; &nbsp; &nbsp; &nbsp; &nbsp; &nbsp; gap: 0.5rem;</p>\r\n<p>&nbsp; &nbsp; &nbsp; &nbsp; }</p>\r\n<p>&nbsp; &nbsp; &nbsp; &nbsp;&nbsp;</p>\r\n<p>&nbsp; &nbsp; &nbsp; &nbsp; .btn-primary {</p>\r\n<p>&nbsp; &nbsp; &nbsp; &nbsp; &nbsp; &nbsp; background-color: var(--primary);</p>\r\n<p>&nbsp; &nbsp; &nbsp; &nbsp; &nbsp; &nbsp; color: white;</p>\r\n<p>&nbsp; &nbsp; &nbsp; &nbsp; }</p>\r\n<p>&nbsp; &nbsp; &nbsp; &nbsp;&nbsp;</p>\r\n<p>&nbsp; &nbsp; &nbsp; &nbsp; .btn-primary:hover {</p>\r\n<p>&nbsp; &nbsp; &nbsp; &nbsp; &nbsp; &nbsp; background-color: var(--primary-dark);</p>\r\n<p>&nbsp; &nbsp; &nbsp; &nbsp; }</p>\r\n<p>&nbsp; &nbsp; &nbsp; &nbsp;&nbsp;</p>\r\n<p>&nbsp; &nbsp; &nbsp; &nbsp; .btn-outline {</p>\r\n<p>&nbsp; &nbsp; &nbsp; &nbsp; &nbsp; &nbsp; background: transparent;</p>\r\n<p>&nbsp; &nbsp; &nbsp; &nbsp; &nbsp; &nbsp; border: 1px solid var(--gray-light);</p>\r\n<p>&nbsp; &nbsp; &nbsp; &nbsp; &nbsp; &nbsp; color: var(--dark);</p>\r\n<p>&nbsp; &nbsp; &nbsp; &nbsp; }</p>\r\n<p>&nbsp; &nbsp; &nbsp; &nbsp;&nbsp;</p>\r\n<p>&nbsp; &nbsp; &nbsp; &nbsp; .btn-outline:hover {</p>\r\n<p>&nbsp; &nbsp; &nbsp; &nbsp; &nbsp; &nbsp; background: var(--gray-light);</p>\r\n<p>&nbsp; &nbsp; &nbsp; &nbsp; }</p>\r\n<p>&nbsp; &nbsp; &nbsp; &nbsp;&nbsp;</p>\r\n<p>&nbsp; &nbsp; &nbsp; &nbsp; /* Alert Messages */</p>\r\n<p>&nbsp; &nbsp; &nbsp; &nbsp; .alert {</p>\r\n<p>&nbsp; &nbsp; &nbsp; &nbsp; &nbsp; &nbsp; padding: 1rem;</p>\r\n<p>&nbsp; &nbsp; &nbsp; &nbsp; &nbsp; &nbsp; border-radius: var(--rounded);</p>\r\n<p>&nbsp; &nbsp; &nbsp; &nbsp; &nbsp; &nbsp; margin-bottom: 1.5rem;</p>\r\n<p>&nbsp; &nbsp; &nbsp; &nbsp; &nbsp; &nbsp; display: flex;</p>\r\n<p>&nbsp; &nbsp; &nbsp; &nbsp; &nbsp; &nbsp; align-items: center;</p>\r\n<p>&nbsp; &nbsp; &nbsp; &nbsp; &nbsp; &nbsp; gap: 0.75rem;</p>\r\n<p>&nbsp; &nbsp; &nbsp; &nbsp; }</p>\r\n<p>&nbsp; &nbsp; &nbsp; &nbsp;&nbsp;</p>\r\n<p>&nbsp; &nbsp; &nbsp; &nbsp; .alert-success {</p>\r\n<p>&nbsp; &nbsp; &nbsp; &nbsp; &nbsp; &nbsp; background-color: #ecfdf5;</p>\r\n<p>&nbsp; &nbsp; &nbsp; &nbsp; &nbsp; &nbsp; color: #065f46;</p>\r\n<p>&nbsp; &nbsp; &nbsp; &nbsp; &nbsp; &nbsp; border-left: 4px solid #10b981;</p>\r\n<p>&nbsp; &nbsp; &nbsp; &nbsp; }</p>\r\n<p>&nbsp; &nbsp; &nbsp; &nbsp;&nbsp;</p>\r\n<p>&nbsp; &nbsp; &nbsp; &nbsp; .alert-warning {</p>\r\n<p>&nbsp; &nbsp; &nbsp; &nbsp; &nbsp; &nbsp; background-color: #fffbeb;</p>\r\n<p>&nbsp; &nbsp; &nbsp; &nbsp; &nbsp; &nbsp; color: #92400e;</p>\r\n<p>&nbsp; &nbsp; &nbsp; &nbsp; &nbsp; &nbsp; border-left: 4px solid #f59e0b;</p>\r\n<p>&nbsp; &nbsp; &nbsp; &nbsp; }</p>\r\n<p>&nbsp; &nbsp; &nbsp; &nbsp;&nbsp;</p>\r\n<p>&nbsp; &nbsp; &nbsp; &nbsp; .alert-danger {</p>\r\n<p>&nbsp; &nbsp; &nbsp; &nbsp; &nbsp; &nbsp; background-color: #fef2f2;</p>\r\n<p>&nbsp; &nbsp; &nbsp; &nbsp; &nbsp; &nbsp; color: #b91c1c;</p>\r\n<p>&nbsp; &nbsp; &nbsp; &nbsp; &nbsp; &nbsp; border-left: 4px solid #ef4444;</p>\r\n<p>&nbsp; &nbsp; &nbsp; &nbsp; }</p>\r\n<p>&nbsp; &nbsp; &nbsp; &nbsp;&nbsp;</p>\r\n<p>&nbsp; &nbsp; &nbsp; &nbsp; /* Responsive Design */</p>\r\n<p>&nbsp; &nbsp; &nbsp; &nbsp; @media (max-width: 1024px) {</p>\r\n<p>&nbsp; &nbsp; &nbsp; &nbsp; &nbsp; &nbsp; .sidebar {</p>\r\n<p>&nbsp; &nbsp; &nbsp; &nbsp; &nbsp; &nbsp; &nbsp; &nbsp; width: 80px;</p>\r\n<p>&nbsp; &nbsp; &nbsp; &nbsp; &nbsp; &nbsp; }</p>\r\n<p>&nbsp; &nbsp; &nbsp; &nbsp; &nbsp; &nbsp;&nbsp;</p>\r\n<p>&nbsp; &nbsp; &nbsp; &nbsp; &nbsp; &nbsp; .sidebar-item-text {</p>\r\n<p>&nbsp; &nbsp; &nbsp; &nbsp; &nbsp; &nbsp; &nbsp; &nbsp; display: none;</p>\r\n<p>&nbsp; &nbsp; &nbsp; &nbsp; &nbsp; &nbsp; }</p>\r\n<p>&nbsp; &nbsp; &nbsp; &nbsp; &nbsp; &nbsp;&nbsp;</p>\r\n<p>&nbsp; &nbsp; &nbsp; &nbsp; &nbsp; &nbsp; .main-content {</p>\r\n<p>&nbsp; &nbsp; &nbsp; &nbsp; &nbsp; &nbsp; &nbsp; &nbsp; margin-left: 80px;</p>\r\n<p>&nbsp; &nbsp; &nbsp; &nbsp; &nbsp; &nbsp; }</p>\r\n<p>&nbsp; &nbsp; &nbsp; &nbsp; }</p>\r\n<p>&nbsp; &nbsp; &nbsp; &nbsp;&nbsp;</p>\r\n<p>&nbsp; &nbsp; &nbsp; &nbsp; @media (max-width: 768px) {</p>\r\n<p>&nbsp; &nbsp; &nbsp; &nbsp; &nbsp; &nbsp; .sidebar {</p>\r\n<p>&nbsp; &nbsp; &nbsp; &nbsp; &nbsp; &nbsp; &nbsp; &nbsp; transform: translateX(-100%);</p>\r\n<p>&nbsp; &nbsp; &nbsp; &nbsp; &nbsp; &nbsp; }</p>\r\n<p>&nbsp; &nbsp; &nbsp; &nbsp; &nbsp; &nbsp;&nbsp;</p>\r\n<p>&nbsp; &nbsp; &nbsp; &nbsp; &nbsp; &nbsp; .sidebar.active {</p>\r\n<p>&nbsp; &nbsp; &nbsp; &nbsp; &nbsp; &nbsp; &nbsp; &nbsp; transform: translateX(0);</p>\r\n<p>&nbsp; &nbsp; &nbsp; &nbsp; &nbsp; &nbsp; }</p>\r\n<p>&nbsp; &nbsp; &nbsp; &nbsp; &nbsp; &nbsp;&nbsp;</p>\r\n<p>&nbsp; &nbsp; &nbsp; &nbsp; &nbsp; &nbsp; .main-content {</p>\r\n<p>&nbsp; &nbsp; &nbsp; &nbsp; &nbsp; &nbsp; &nbsp; &nbsp; margin-left: 0;</p>\r\n<p>&nbsp; &nbsp; &nbsp; &nbsp; &nbsp; &nbsp; }</p>\r\n<p>&nbsp; &nbsp; &nbsp; &nbsp; &nbsp; &nbsp;&nbsp;</p>\r\n<p>&nbsp; &nbsp; &nbsp; &nbsp; &nbsp; &nbsp; .mobile-menu-btn {</p>\r\n<p>&nbsp; &nbsp; &nbsp; &nbsp; &nbsp; &nbsp; &nbsp; &nbsp; display: block;</p>\r\n<p>&nbsp; &nbsp; &nbsp; &nbsp; &nbsp; &nbsp; }</p>\r\n<p>&nbsp; &nbsp; &nbsp; &nbsp; }</p>\r\n<p>&nbsp; &nbsp; &nbsp; &nbsp;&nbsp;</p>\r\n<p>&nbsp; &nbsp; &nbsp; &nbsp; /* Animation */</p>\r\n<p>&nbsp; &nbsp; &nbsp; &nbsp; @keyframes fadeIn {</p>\r\n<p>&nbsp; &nbsp; &nbsp; &nbsp; &nbsp; &nbsp; from { opacity: 0; transform: translateY(10px); }</p>\r\n<p>&nbsp; &nbsp; &nbsp; &nbsp; &nbsp; &nbsp; to { opacity: 1; transform: translateY(0); }</p>\r\n<p>&nbsp; &nbsp; &nbsp; &nbsp; }</p>\r\n<p>&nbsp; &nbsp; &nbsp; &nbsp;&nbsp;</p>\r\n<p>&nbsp; &nbsp; &nbsp; &nbsp; .animate-fade {</p>\r\n<p>&nbsp; &nbsp; &nbsp; &nbsp; &nbsp; &nbsp; animation: fadeIn 0.3s ease-out;</p>\r\n<p>&nbsp; &nbsp; &nbsp; &nbsp; }</p>\r\n<p>&nbsp; &nbsp; &lt;/style&gt;ent here...</p>', '../lessonVID/6806c8b0799181.31089061.mp4', '../lessonThumbs/6806c8b082d932.35863458.png', '[{\"name\":\"\\u200e\\u2068  \\u0627\\u0644\\u0639\\u0631\\u0636 \\u0627\\u0644\\u0645\\u0628\\u062f\\u064a\\u0654\\u064a\\u2069.pdf\",\"path\":\"..\\/lessonAttachments\\/6806c8b0884685.89963947.pdf\",\"type\":\"pdf\"}]', 7, 'HTML,CSS Full Course', 60, 8);

-- --------------------------------------------------------

--
-- ط¨ظ†ظٹط© ط§ظ„ط¬ط¯ظˆظ„ `lesson_games`
--

CREATE TABLE `lesson_games` (
  `game_id` int(11) NOT NULL,
  `lesson_id` int(11) NOT NULL,
  `questions` json NOT NULL,
  `passing_score` int(11) NOT NULL DEFAULT '70'
) ENGINE=MyISAM DEFAULT CHARSET=utf8;

--
-- ط¥ط±ط¬ط§ط¹ ط£ظˆ ط§ط³طھظٹط±ط§ط¯ ط¨ظٹط§ظ†ط§طھ ط§ظ„ط¬ط¯ظˆظ„ `lesson_games`
--

INSERT INTO `lesson_games` (`game_id`, `lesson_id`, `questions`, `passing_score`) VALUES
(1, 12, '{\"true_false\": [{\"hint\": \"Programming requires logical thinking to solve problems!\", \"question\": \"Programming is just writing text on paper without needing to understand logic.\", \"correctAnswer\": false}, {\"hint\": \"Both involve putting pieces together in the right way\", \"question\": \"The teacher compares programming to a puzzle game.\", \"correctAnswer\": true}], \"multi_select\": [{\"hint\": \"Programming helps build important thinking skills\", \"options\": [\"Developing logical thinking\", \"Improving only creative writing skills\", \"Enhancing problem solving\", \"Increasing distraction\"], \"question\": \"What are the educational benefits of kids programming?\", \"correctIndices\": [0, 2]}], \"multiple_choice\": [{\"hint1\": \"Think about how to solve problems step by step\", \"hint2\": \"It\'s like giving clear instructions to a friend\", \"options\": [\"Decorating the user interface\", \"Organizing solution steps correctly\", \"Just memorizing code\", \"Writing reports\"], \"question\": \"What is the main benefit of logical thinking in programming?\", \"correctIndex\": 1}]}', 70);

-- --------------------------------------------------------

--
-- ط¨ظ†ظٹط© ط§ظ„ط¬ط¯ظˆظ„ `parental_controls`
--

CREATE TABLE `parental_controls` (
  `id` int(11) NOT NULL,
  `child_id` int(11) DEFAULT NULL,
  `daily_limit` int(11) DEFAULT NULL,
  `content_filters` text
) ENGINE=MyISAM DEFAULT CHARSET=utf8;

-- --------------------------------------------------------

--
-- ط¨ظ†ظٹط© ط§ظ„ط¬ط¯ظˆظ„ `posts`
--

CREATE TABLE `posts` (
  `user_id` int(11) NOT NULL,
  `user_name` varchar(50) COLLATE utf8_bin NOT NULL,
  `user_email` varchar(100) COLLATE utf8_bin NOT NULL,
  `user_msg` text COLLATE utf8_bin NOT NULL,
  `time` datetime NOT NULL
) ENGINE=InnoDB DEFAULT CHARSET=utf8 COLLATE=utf8_bin;

-- --------------------------------------------------------

--
-- ط¨ظ†ظٹط© ط§ظ„ط¬ط¯ظˆظ„ `quizzes`
--

CREATE TABLE `quizzes` (
  `quiz_id` int(11) NOT NULL,
  `course_id` int(11) NOT NULL,
  `quiz_title` varchar(255) NOT NULL,
  `quiz_description` text,
  `passing_score` int(11) DEFAULT '70',
  `time_limit` int(11) DEFAULT '30' COMMENT 'in minutes',
  `is_active` tinyint(1) DEFAULT '1',
  `created_at` timestamp NOT NULL DEFAULT CURRENT_TIMESTAMP,
  `updated_at` timestamp NOT NULL DEFAULT CURRENT_TIMESTAMP ON UPDATE CURRENT_TIMESTAMP
) ENGINE=MyISAM DEFAULT CHARSET=utf8;

--
-- ط¥ط±ط¬ط§ط¹ ط£ظˆ ط§ط³طھظٹط±ط§ط¯ ط¨ظٹط§ظ†ط§طھ ط§ظ„ط¬ط¯ظˆظ„ `quizzes`
--

INSERT INTO `quizzes` (`quiz_id`, `course_id`, `quiz_title`, `quiz_description`, `passing_score`, `time_limit`, `is_active`, `created_at`, `updated_at`) VALUES
(2, 7, 'ط§ظ„ظƒظˆظٹط² ط§ظ„ط§ظˆظ„', 'ط§ظ„ظƒظˆظٹط² ط§ظ„ط£ظˆظ„ ', 100, 50, 1, '2025-04-21 17:14:17', '2025-04-21 17:14:17');

-- --------------------------------------------------------

--
-- ط¨ظ†ظٹط© ط§ظ„ط¬ط¯ظˆظ„ `quiz_options`
--

CREATE TABLE `quiz_options` (
  `option_id` int(11) NOT NULL,
  `question_id` int(11) NOT NULL,
  `option_text` text NOT NULL,
  `is_correct` tinyint(1) DEFAULT '0',
  `created_at` timestamp NOT NULL DEFAULT CURRENT_TIMESTAMP
) ENGINE=MyISAM DEFAULT CHARSET=utf8;

--
-- ط¥ط±ط¬ط§ط¹ ط£ظˆ ط§ط³طھظٹط±ط§ط¯ ط¨ظٹط§ظ†ط§طھ ط§ظ„ط¬ط¯ظˆظ„ `quiz_options`
--

INSERT INTO `quiz_options` (`option_id`, `question_id`, `option_text`, `is_correct`, `created_at`) VALUES
(9, 3, 'ظ„ط؛ط© ط¨ط±ظ…ط¬ط©', 1, '2025-04-21 17:15:14'),
(8, 3, 'ظ„ط؛ط© ط¢ظ„ط©', 0, '2025-04-21 17:15:14'),
(7, 3, 'ظ„ط؛ط© ظ†طµظٹط©', 0, '2025-04-21 17:15:14'),
(10, 4, 'ظˆط³ظ… ط§ظ„ط¹ظ†ط§ظˆظٹظ†', 1, '2025-04-21 17:20:01'),
(11, 4, 'ظˆط³ظ… ط§ظ„طµظˆط±', 0, '2025-04-21 17:20:01'),
(12, 4, 'ظˆط³ظ… ط§ظ„ظ†طµظˆطµ', 0, '2025-04-21 17:20:01');

-- --------------------------------------------------------

--
-- ط¨ظ†ظٹط© ط§ظ„ط¬ط¯ظˆظ„ `quiz_questions`
--

CREATE TABLE `quiz_questions` (
  `question_id` int(11) NOT NULL,
  `quiz_id` int(11) NOT NULL,
  `question_text` text NOT NULL,
  `question_type` enum('multiple_choice','true_false','short_answer') NOT NULL,
  `points` int(11) NOT NULL DEFAULT '1',
  `created_at` timestamp NOT NULL DEFAULT CURRENT_TIMESTAMP,
  `updated_at` timestamp NOT NULL DEFAULT CURRENT_TIMESTAMP ON UPDATE CURRENT_TIMESTAMP
) ENGINE=MyISAM DEFAULT CHARSET=utf8;

--
-- ط¥ط±ط¬ط§ط¹ ط£ظˆ ط§ط³طھظٹط±ط§ط¯ ط¨ظٹط§ظ†ط§طھ ط§ظ„ط¬ط¯ظˆظ„ `quiz_questions`
--

INSERT INTO `quiz_questions` (`question_id`, `quiz_id`, `question_text`, `question_type`, `points`, `created_at`, `updated_at`) VALUES
(3, 2, 'ظ…ط§ظ‡ظٹ ظ„ط؛ط© html طں', 'multiple_choice', 1, '2025-04-21 17:15:14', '2025-04-21 17:15:14'),
(4, 2, 'ظ…ط§ظ‡ظˆ ط¹ظ…ظ„ ظˆط³ظ… h1 طں', 'multiple_choice', 1, '2025-04-21 17:20:01', '2025-04-21 17:20:01');

-- --------------------------------------------------------

--
-- ط¨ظ†ظٹط© ط§ظ„ط¬ط¯ظˆظ„ `quiz_results`
--

CREATE TABLE `quiz_results` (
  `result_id` int(11) NOT NULL,
  `quiz_id` int(11) NOT NULL,
  `student_id` int(11) NOT NULL,
  `score` int(11) NOT NULL,
  `total_score` int(11) NOT NULL,
  `passed` tinyint(1) NOT NULL,
  `completed_at` timestamp NOT NULL DEFAULT CURRENT_TIMESTAMP,
  `time_taken` int(11) DEFAULT NULL COMMENT 'in seconds'
) ENGINE=MyISAM DEFAULT CHARSET=utf8;

--
-- ط¥ط±ط¬ط§ط¹ ط£ظˆ ط§ط³طھظٹط±ط§ط¯ ط¨ظٹط§ظ†ط§طھ ط§ظ„ط¬ط¯ظˆظ„ `quiz_results`
--

INSERT INTO `quiz_results` (`result_id`, `quiz_id`, `student_id`, `score`, `total_score`, `passed`, `completed_at`, `time_taken`) VALUES
(6, 2, 0, 100, 2, 1, '2025-04-21 20:25:45', 15);

-- --------------------------------------------------------

--
-- ط¨ظ†ظٹط© ط§ظ„ط¬ط¯ظˆظ„ `sessions`
--

CREATE TABLE `sessions` (
  `session_id` varchar(128) NOT NULL,
  `expires` int(10) UNSIGNED NOT NULL,
  `data` text
) ENGINE=MyISAM DEFAULT CHARSET=utf8;

-- --------------------------------------------------------

--
-- ط¨ظ†ظٹط© ط§ظ„ط¬ط¯ظˆظ„ `students`
--

CREATE TABLE `students` (
  `stu_id` int(11) NOT NULL,
  `stu_name` varchar(255) COLLATE utf8_bin NOT NULL,
  `stu_email` varchar(255) COLLATE utf8_bin NOT NULL,
  `stu_pass` varchar(255) COLLATE utf8_bin NOT NULL,
  `stu_occ` varchar(255) COLLATE utf8_bin DEFAULT NULL,
  `stu_img` text COLLATE utf8_bin
) ENGINE=InnoDB DEFAULT CHARSET=utf8 COLLATE=utf8_bin;

--
-- ط¥ط±ط¬ط§ط¹ ط£ظˆ ط§ط³طھظٹط±ط§ط¯ ط¨ظٹط§ظ†ط§طھ ط§ظ„ط¬ط¯ظˆظ„ `students`
--

INSERT INTO `students` (`stu_id`, `stu_name`, `stu_email`, `stu_pass`, `stu_occ`, `stu_img`) VALUES
(23, 'abc', 'abcd@gmail.com', '456123', '', ''),
(24, 'xyz', 'xyzabc@gmail.com', 'asdf;lkjh', '', ''),
(25, 'asdf', 'asdf@gmail.com', 'asdf', '', ''),
(26, 'asdf', 'asdf2@gmail.com', '789654', '', ''),
(27, 'ashraf ali', 'a1@gmail.com', '$2y$10$zN7F60kxg7A4Il79X3tejuwvEbj/CY.U00e2wq.X37IzwYcGPMsqm', 'Ashraf', '../images/studentsImg/67f2eeec42a2f8.50607172.png'),
(28, 'Aml', 'aml@gmail.com', '$2y$10$NgqeQ5cmubFl2EBdA2BJSejELMlU2Eyg1zJF1a9sDba4MLAsPVnMa', 'Amlamlaml', '../images/studentsImg/67f2f04a633227.42440248.jpg'),
(29, 'ashraf', 'a11@gmail.com', 'ashraf12345', '12345', 'default.jpg'),
(30, 'ashraf ali', 'aq@gmail.com', '$2y$10$P9ftJqLAf0TP7DenV11sp.3PbdBNeTSrf4Ux09IoeLbEe0pMj7W06', NULL, NULL),
(31, 'ashraf ali', 'aq1@gmail.com', '$2y$10$OmfAGTlEg8UwdOVqSiStFuTRvEpNkE35zF5mwF3vt7FgBgJlU6gLe', NULL, NULL),
(32, 'ashraf ali', 'aas@gmail.com', '$2y$10$uFmElPvSB5qV0W4CeA30Qe.ZL8ynFWKxnXhXbNpir5QALF1AqzUWe', NULL, NULL);

-- --------------------------------------------------------

--
-- ط¨ظ†ظٹط© ط§ظ„ط¬ط¯ظˆظ„ `student_answers`
--

CREATE TABLE `student_answers` (
  `answer_id` int(11) NOT NULL,
  `result_id` int(11) NOT NULL,
  `question_id` int(11) NOT NULL,
  `option_id` int(11) DEFAULT NULL,
  `answer_text` text,
  `is_correct` tinyint(1) NOT NULL,
  `points_earned` int(11) NOT NULL DEFAULT '0'
) ENGINE=MyISAM DEFAULT CHARSET=utf8;

--
-- ط¥ط±ط¬ط§ط¹ ط£ظˆ ط§ط³طھظٹط±ط§ط¯ ط¨ظٹط§ظ†ط§طھ ط§ظ„ط¬ط¯ظˆظ„ `student_answers`
--

INSERT INTO `student_answers` (`answer_id`, `result_id`, `question_id`, `option_id`, `answer_text`, `is_correct`, `points_earned`) VALUES
(1, 1, 1, 1, '', 1, 15),
(2, 1, 2, 5, '', 0, 0),
(3, 2, 1, 1, '', 1, 15),
(4, 2, 2, 5, '', 0, 0),
(5, 3, 1, 3, '', 0, 0),
(6, 3, 2, 6, '', 1, 1),
(7, 4, 1, 1, '', 1, 15),
(8, 4, 2, 5, '', 0, 0),
(9, 5, 1, 1, '', 1, 15),
(10, 5, 2, 6, '', 1, 1),
(11, 6, 3, 9, '', 1, 1),
(12, 6, 4, 10, '', 1, 1);

-- --------------------------------------------------------

--
-- ط¨ظ†ظٹط© ط§ظ„ط¬ط¯ظˆظ„ `userpost`
--

CREATE TABLE `userpost` (
  `user_name` varchar(255) COLLATE utf8_bin NOT NULL,
  `user_email` varchar(255) COLLATE utf8_bin NOT NULL,
  `user_msg` text COLLATE utf8_bin NOT NULL,
  `dateTime` datetime NOT NULL
) ENGINE=InnoDB DEFAULT CHARSET=utf8 COLLATE=utf8_bin;

-- --------------------------------------------------------

--
-- ط¨ظ†ظٹط© ط§ظ„ط¬ط¯ظˆظ„ `user_game_progress`
--

CREATE TABLE `user_game_progress` (
  `progress_id` int(11) NOT NULL,
  `user_id` int(11) NOT NULL,
  `game_id` int(11) NOT NULL,
  `score` int(11) NOT NULL,
  `completed_at` timestamp NOT NULL DEFAULT CURRENT_TIMESTAMP
) ENGINE=MyISAM DEFAULT CHARSET=utf8;

--
-- Indexes for dumped tables
--

--
-- Indexes for table `achievements`
--
ALTER TABLE `achievements`
  ADD PRIMARY KEY (`id`);

--
-- Indexes for table `admin`
--
ALTER TABLE `admin`
  ADD PRIMARY KEY (`admin_id`);

--
-- Indexes for table `admin_users`
--
ALTER TABLE `admin_users`
  ADD PRIMARY KEY (`admin_id`),
  ADD UNIQUE KEY `username` (`username`),
  ADD UNIQUE KEY `email` (`email`);

--
-- Indexes for table `child_profiles`
--
ALTER TABLE `child_profiles`
  ADD PRIMARY KEY (`id`),
  ADD UNIQUE KEY `username` (`username`);

--
-- Indexes for table `coding_games`
--
ALTER TABLE `coding_games`
  ADD PRIMARY KEY (`id`);

--
-- Indexes for table `course`
--
ALTER TABLE `course`
  ADD PRIMARY KEY (`course_id`);

--
-- Indexes for table `courseorder`
--
ALTER TABLE `courseorder`
  ADD PRIMARY KEY (`co_id`);

--
-- Indexes for table `feedback`
--
ALTER TABLE `feedback`
  ADD PRIMARY KEY (`f_id`);

--
-- Indexes for table `game_saves`
--
ALTER TABLE `game_saves`
  ADD PRIMARY KEY (`id`),
  ADD KEY `child_id` (`child_id`);

--
-- Indexes for table `learning_progress`
--
ALTER TABLE `learning_progress`
  ADD PRIMARY KEY (`id`),
  ADD KEY `child_id` (`child_id`);

--
-- Indexes for table `lesson`
--
ALTER TABLE `lesson`
  ADD PRIMARY KEY (`lesson_id`);

--
-- Indexes for table `lesson_games`
--
ALTER TABLE `lesson_games`
  ADD PRIMARY KEY (`game_id`),
  ADD KEY `lesson_id` (`lesson_id`);

--
-- Indexes for table `parental_controls`
--
ALTER TABLE `parental_controls`
  ADD PRIMARY KEY (`id`);

--
-- Indexes for table `posts`
--
ALTER TABLE `posts`
  ADD PRIMARY KEY (`user_id`);

--
-- Indexes for table `quizzes`
--
ALTER TABLE `quizzes`
  ADD PRIMARY KEY (`quiz_id`),
  ADD KEY `course_id` (`course_id`);

--
-- Indexes for table `quiz_options`
--
ALTER TABLE `quiz_options`
  ADD PRIMARY KEY (`option_id`),
  ADD KEY `question_id` (`question_id`);

--
-- Indexes for table `quiz_questions`
--
ALTER TABLE `quiz_questions`
  ADD PRIMARY KEY (`question_id`),
  ADD KEY `quiz_id` (`quiz_id`);

--
-- Indexes for table `quiz_results`
--
ALTER TABLE `quiz_results`
  ADD PRIMARY KEY (`result_id`),
  ADD KEY `quiz_id` (`quiz_id`),
  ADD KEY `student_id` (`student_id`),
  ADD KEY `idx_quiz_student` (`quiz_id`,`student_id`);

--
-- Indexes for table `sessions`
--
ALTER TABLE `sessions`
  ADD PRIMARY KEY (`session_id`);

--
-- Indexes for table `students`
--
ALTER TABLE `students`
  ADD PRIMARY KEY (`stu_id`);

--
-- Indexes for table `student_answers`
--
ALTER TABLE `student_answers`
  ADD PRIMARY KEY (`answer_id`),
  ADD KEY `result_id` (`result_id`),
  ADD KEY `question_id` (`question_id`),
  ADD KEY `option_id` (`option_id`);

--
-- Indexes for table `userpost`
--
ALTER TABLE `userpost`
  ADD PRIMARY KEY (`user_email`);

--
-- Indexes for table `user_game_progress`
--
ALTER TABLE `user_game_progress`
  ADD PRIMARY KEY (`progress_id`),
  ADD KEY `user_id` (`user_id`),
  ADD KEY `game_id` (`game_id`);

--
-- AUTO_INCREMENT for dumped tables
--

--
-- AUTO_INCREMENT for table `achievements`
--
ALTER TABLE `achievements`
  MODIFY `id` int(11) NOT NULL AUTO_INCREMENT;

--
-- AUTO_INCREMENT for table `admin`
--
ALTER TABLE `admin`
  MODIFY `admin_id` int(11) NOT NULL AUTO_INCREMENT, AUTO_INCREMENT=10;

--
-- AUTO_INCREMENT for table `admin_users`
--
ALTER TABLE `admin_users`
  MODIFY `admin_id` int(11) NOT NULL AUTO_INCREMENT;

--
-- AUTO_INCREMENT for table `child_profiles`
--
ALTER TABLE `child_profiles`
  MODIFY `id` int(11) NOT NULL AUTO_INCREMENT;

--
-- AUTO_INCREMENT for table `coding_games`
--
ALTER TABLE `coding_games`
  MODIFY `id` int(11) NOT NULL AUTO_INCREMENT;

--
-- AUTO_INCREMENT for table `course`
--
ALTER TABLE `course`
  MODIFY `course_id` int(11) NOT NULL AUTO_INCREMENT, AUTO_INCREMENT=13;

--
-- AUTO_INCREMENT for table `courseorder`
--
ALTER TABLE `courseorder`
  MODIFY `co_id` int(11) NOT NULL AUTO_INCREMENT, AUTO_INCREMENT=25;

--
-- AUTO_INCREMENT for table `feedback`
--
ALTER TABLE `feedback`
  MODIFY `f_id` int(11) NOT NULL AUTO_INCREMENT;

--
-- AUTO_INCREMENT for table `game_saves`
--
ALTER TABLE `game_saves`
  MODIFY `id` int(11) NOT NULL AUTO_INCREMENT;

--
-- AUTO_INCREMENT for table `learning_progress`
--
ALTER TABLE `learning_progress`
  MODIFY `id` int(11) NOT NULL AUTO_INCREMENT;

--
-- AUTO_INCREMENT for table `lesson`
--
ALTER TABLE `lesson`
  MODIFY `lesson_id` int(11) NOT NULL AUTO_INCREMENT, AUTO_INCREMENT=15;

--
-- AUTO_INCREMENT for table `lesson_games`
--
ALTER TABLE `lesson_games`
  MODIFY `game_id` int(11) NOT NULL AUTO_INCREMENT, AUTO_INCREMENT=2;

--
-- AUTO_INCREMENT for table `parental_controls`
--
ALTER TABLE `parental_controls`
  MODIFY `id` int(11) NOT NULL AUTO_INCREMENT;

--
-- AUTO_INCREMENT for table `posts`
--
ALTER TABLE `posts`
  MODIFY `user_id` int(11) NOT NULL AUTO_INCREMENT;

--
-- AUTO_INCREMENT for table `quizzes`
--
ALTER TABLE `quizzes`
  MODIFY `quiz_id` int(11) NOT NULL AUTO_INCREMENT, AUTO_INCREMENT=3;

--
-- AUTO_INCREMENT for table `quiz_options`
--
ALTER TABLE `quiz_options`
  MODIFY `option_id` int(11) NOT NULL AUTO_INCREMENT, AUTO_INCREMENT=13;

--
-- AUTO_INCREMENT for table `quiz_questions`
--
ALTER TABLE `quiz_questions`
  MODIFY `question_id` int(11) NOT NULL AUTO_INCREMENT, AUTO_INCREMENT=5;

--
-- AUTO_INCREMENT for table `quiz_results`
--
ALTER TABLE `quiz_results`
  MODIFY `result_id` int(11) NOT NULL AUTO_INCREMENT, AUTO_INCREMENT=7;

--
-- AUTO_INCREMENT for table `students`
--
ALTER TABLE `students`
  MODIFY `stu_id` int(11) NOT NULL AUTO_INCREMENT, AUTO_INCREMENT=33;

--
-- AUTO_INCREMENT for table `student_answers`
--
ALTER TABLE `student_answers`
  MODIFY `answer_id` int(11) NOT NULL AUTO_INCREMENT, AUTO_INCREMENT=13;

--
-- AUTO_INCREMENT for table `user_game_progress`
--
ALTER TABLE `user_game_progress`
  MODIFY `progress_id` int(11) NOT NULL AUTO_INCREMENT;
COMMIT;

/*!40101 SET CHARACTER_SET_CLIENT=@OLD_CHARACTER_SET_CLIENT */;
/*!40101 SET CHARACTER_SET_RESULTS=@OLD_CHARACTER_SET_RESULTS */;
/*!40101 SET COLLATION_CONNECTION=@OLD_COLLATION_CONNECTION */;